,,,,,,,,
Week,Session,Day,Date,Modelity,Lecture Topics,Projects & Labs,Deadlines,Note
W1,1,T,10/27/2026,In-person,L1 + L2: Intro and Viz Foundation,Project 1 out,,Give project 1 feedback in-person
W1,2,W,10/28/2026,in-person,Lab 1: Under the Hood Primer,,,
W1,3,S,10/31/2026,in-person,"L3 + L4: Visual perception, cognition, color perception and visual encoding",,,
W1,4,S,10/31/2026,in-person,Lab 2 Tableau and Integration in Observable Dashboard,Project 2 Tableau out,"Project 1 due Monday November 2nd, 11:00pm",
W2,5,W,11/4/2026,Zoom,Data types and visualization charts,,,
W3,6,M,11/9/2026,Zoom,Lab 3: Maps Tell Stories: ArcGIS Online + StoryMaps (live air quality; embed Tableau),Final Project out,,
W4,7,M,11/16/2026,Zoom,Gestalt principles and Design Principles in Visualization ,,Project 2 due ,
W4,8,W,11/18/2026,Zoom,"Lab 4: Directing AI to Build (and Not Lie With) Charts — starter.html + GitHub Pages, no terminal)",,,
W5,9,M,11/23/2026,Zoom,Working session: Final project checkpoint,,Final project checkpoint,
W6,10,M,11/30/2026,Zoom,Final Project Presentaion,,,
,,,,,,,,
,,,,,,,,
,,,,,,,,
Regular Class time: 6:00pm - 7:30pm,,,,,,,,
"Saturday October 31: 10:30am - 12:00pm; lunch break, 1:00pm - 2:30pm",,,,,,,,
"My office: 1079, located on the ground floor",,,,,Pending lecture: small multiples and example,,,