segment,date,supply,demand,occupancy_rate,average_daily_rate,revenue_per_available_room,sample_properties,sample_rooms,census_properties,census_rooms
1 & 2 Star Hotels+,2015-10,14756,9503,64.4,271.21,174.66,8,476,8,476
1 & 2 Star Hotels+,2016-10,13206,8074,61.1,240.1,146.8,7,426,7,426
1 & 2 Star Hotels+,2017-07,16647,6362,38.2,212.97,81.39,9,537,9,537
1 & 2 Star Hotels+,2019-12,16585,15685,94.6,178.43,168.75,9,535,9,535
1 & 2 Star Hotels+,2021-02,12348,9877,80.0,152.54,122.01,8,441,8,441
1 & 2 Star Hotels+,2021-09,13320,12320,92.5,184.38,170.53,8,444,8,444
1 & 2 Star Hotels+,2024-08,18166,15314,84.3,142.45,120.09,8,444,10,586
3 Star Hotels+,2015-03,34441,26703,77.5,343.44,266.28,12,985,13,1111
3 Star Hotels+,2020-02,52920,41553,78.5,178.14,139.87,18,1764,19,1890
3 Star Hotels+,2020-03,58590,38930,66.4,175.64,116.7,17,1671,19,1890
3 Star Hotels+,2020-04,56700,31449,55.5,178.06,98.76,17,1671,19,1890
3 Star Hotels+,2020-12,53692,39640,73.8,180.62,133.35,15,1513,17,1732
3 Star Hotels+,2022-11,65340,43274,66.2,751.44,497.67,19,2068,21,2178
3 Star Hotels+,2024-12,78430,71091,90.6,235.7,213.65,21,2381,24,2530
3 Star Hotels+,2025-02,70840,65912,93.0,252.96,235.36,21,2381,24,2530
4 Star Hotels+,2014-05,143902,103577,72.0,381.32,274.46,22,4415,23,4642
4 Star Hotels+,2015-04,139230,103646,74.4,399.13,297.12,23,4641,23,4641
4 Star Hotels+,2015-07,146878,81387,55.4,390.9,216.6,24,4738,24,4738
4 Star Hotels+,2016-02,137480,86250,62.7,369.2,231.62,25,4910,25,4910
4 Star Hotels+,2016-03,152086,106749,70.2,391.38,274.71,25,4906,25,4906
4 Star Hotels+,2016-05,159154,92350,58.0,342.89,198.96,26,5134,26,5134
4 Star Hotels+,2018-02,158620,96067,60.6,241.34,146.16,29,5665,29,5665
4 Star Hotels+,2018-07,175615,101701,57.9,232.03,134.37,29,5665,29,5665
4 Star Hotels+,2021-04,176730,112255,63.5,228.44,145.1,31,5891,31,5891
4 Star Hotels+,2021-09,180960,141744,78.3,239.11,187.29,32,6032,32,6032
4 Star Hotels+,2022-01,183830,128382,69.8,250.17,174.71,31,5930,31,5930
4 Star Hotels+,2023-12,235259,176709,75.1,224.18,168.39,40,7429,42,7589
4 Star Hotels+,2024-08,235228,149207,63.4,199.64,126.63,39,7309,42,7588
5 Star Hotels+,2015-07,254262,124262,48.9,732.71,358.09,28,7980,29,8202
5 Star Hotels+,2015-08,260958,142604,54.6,706.33,385.98,29,8196,30,8418
5 Star Hotels+,2016-01,289726,188580,65.1,726.81,473.07,32,9072,34,9346
5 Star Hotels+,2017-02,282296,186452,66.0,634.16,418.85,36,9860,37,10082
5 Star Hotels+,2017-11,324090,186130,57.4,572.65,328.88,39,10581,40,10803
5 Star Hotels+,2019-03,388492,265103,68.2,518.66,353.93,47,12310,48,12532
5 Star Hotels+,2020-05,398567,178260,44.7,446.92,199.89,47,12128,50,12857
5 Star Hotels+,2022-02,396984,205931,51.9,519.94,269.71,55,13956,56,14178
5 Star Hotels+,2022-05,446958,264913,59.3,667.76,395.78,56,14196,57,14418
5 Star Hotels+,2022-07,446710,221806,49.7,650.41,322.95,56,14188,57,14410
5 Star Hotels+,2023-08,570524,265163,46.5,536.69,249.44,74,18334,75,18404
5 Star Hotels+,2024-04,573120,331820,57.9,656.81,380.28,78,19034,79,19104
5 Star Hotels+,2024-05,591604,357719,60.5,580.61,351.07,78,19014,79,19084
Deluxe Apartments+,2014-02,109116,90517,83.0,339.02,281.24,6,3817,7,3897
Deluxe Apartments+,2017-02,122864,95876,78.0,341.39,266.4,10,4388,10,4388
Deluxe Apartments+,2018-03,148459,105034,70.7,325.56,230.33,11,4789,11,4789
Deluxe Apartments+,2019-04,145830,111318,76.3,302.78,231.13,12,4861,12,4861
Deluxe Apartments+,2019-10,150691,118858,78.9,302.93,238.94,12,4861,12,4861
Deluxe Apartments+,2022-09,193680,106975,55.2,372.42,205.7,17,6456,17,6456
Qatar+,2014-12,538470,417321,77.5,529.27,410.19,66,16375,74,17370
Qatar+,2015-05,571299,417343,73.1,539.3,393.97,77,18009,81,18429
Qatar+,2018-05,763344,429634,56.3,373.14,210.01,106,24034,110,24624
Qatar+,2018-06,743760,398253,53.5,401.46,214.97,107,24202,111,24792
Qatar+,2019-12,820353,613890,74.8,405.03,303.1,119,26115,121,26463
Qatar+,2020-05,837248,417420,49.9,333.85,166.44,115,25763,124,27008
Qatar+,2020-06,814800,402857,49.4,357.98,177.0,117,26254,125,27160
Standard Apartments+,2014-06,4980,3612,72.5,260.52,188.96,3,166,3,166
Standard Apartments+,2015-01,5146,4303,83.6,278.27,232.68,3,166,3,166
Standard Apartments+,2015-04,4980,3638,73.1,269.28,196.72,3,166,3,166
Standard Apartments+,2016-08,5146,2957,57.5,224.22,128.84,3,166,3,166
Standard Apartments+,2020-05,31465,19207,61.0,248.76,151.85,6,987,7,1015
Standard Apartments+,2022-10,32612,16300,50.0,271.11,135.51,8,1052,8,1052
Standard Apartments+,2022-11,31560,16064,50.9,1305.95,664.73,8,1052,8,1052
Standard Apartments+,2023-11,31560,21077,66.8,240.5,160.61,8,1052,8,1052
1 & 2 Star Hotels+,2015-11,14280,9534,66.8,274.96,183.57,8,476,8,476
1 & 2 Star Hotels+,2016-01,14756,10502,71.2,290.26,206.58,8,476,8,476
1 & 2 Star Hotels+,2016-02,13328,8823,66.2,267.27,176.93,8,476,8,476
1 & 2 Star Hotels+,2016-09,12780,6885,53.9,256.35,138.1,7,426,7,426
1 & 2 Star Hotels+,2018-06,16110,10304,64.0,172.85,110.56,9,537,9,537
1 & 2 Star Hotels+,2018-07,16647,11221,67.4,173.86,117.19,9,537,9,537
1 & 2 Star Hotels+,2019-04,16140,13867,85.9,170.89,146.83,9,538,9,538
1 & 2 Star Hotels+,2019-06,16140,12706,78.7,169.85,133.71,9,538,9,538
1 & 2 Star Hotels+,2019-08,16678,12835,77.0,163.08,125.5,9,538,9,538
1 & 2 Star Hotels+,2020-04,11880,4568,38.5,156.08,60.02,7,396,7,396
1 & 2 Star Hotels+,2020-06,11880,6925,58.3,138.12,80.51,6,285,7,396
1 & 2 Star Hotels+,2020-09,13230,7852,59.4,139.56,82.83,7,330,8,441
1 & 2 Star Hotels+,2021-06,13320,10041,75.4,155.98,117.58,8,444,8,444
1 & 2 Star Hotels+,2023-03,18166,15735,86.6,164.08,142.12,10,586,10,586
1 & 2 Star Hotels+,2024-06,17580,14467,82.3,144.25,118.7,10,586,10,586
3 Star Hotels+,2014-09,27930,21135,75.7,262.92,198.95,9,709,11,931
3 Star Hotels+,2016-09,35070,19331,55.1,272.6,150.26,12,1043,13,1169
3 Star Hotels+,2016-10,36239,19319,53.3,242.4,129.23,12,1043,13,1169
3 Star Hotels+,2018-04,48600,34531,71.1,173.12,123.0,16,1494,17,1620
3 Star Hotels+,2019-05,52886,35165,66.5,165.85,110.28,17,1580,18,1706
3 Star Hotels+,2020-08,58590,34532,58.9,155.6,91.71,17,1671,19,1890
3 Star Hotels+,2021-01,53692,39818,74.2,180.25,133.67,15,1513,17,1732
3 Star Hotels+,2021-02,50792,42817,84.3,180.69,152.32,16,1595,18,1814
3 Star Hotels+,2021-09,48210,42380,87.9,218.7,192.25,13,1331,16,1607
3 Star Hotels+,2022-01,49259,43146,87.6,229.43,200.96,14,1463,15,1589
3 Star Hotels+,2022-08,49848,39538,79.3,189.49,150.3,15,1593,16,1608
3 Star Hotels+,2022-10,49848,35776,71.8,213.05,152.9,15,1593,16,1608
4 Star Hotels+,2014-07,143902,83766,58.2,354.92,206.6,22,4415,23,4642
4 Star Hotels+,2015-02,129948,105551,81.2,411.8,334.49,23,4641,23,4641
4 Star Hotels+,2017-07,156953,70333,44.8,274.65,123.07,25,5063,25,5063
4 Star Hotels+,2018-03,175615,110917,63.2,238.62,150.71,29,5665,29,5665
4 Star Hotels+,2019-01,175026,115613,66.1,229.14,151.36,29,5646,29,5646
4 Star Hotels+,2019-08,177320,102929,58.0,223.23,129.58,29,5720,29,5720
4 Star Hotels+,2019-10,176886,128747,72.8,230.73,167.94,29,5706,29,5706
4 Star Hotels+,2020-06,170520,92115,54.0,219.07,118.34,28,5573,29,5684
4 Star Hotels+,2020-07,180792,94661,52.4,213.19,111.62,29,5721,30,5832
4 Star Hotels+,2021-02,164948,117842,71.4,221.73,158.41,31,5891,31,5891
4 Star Hotels+,2022-06,176190,113045,64.2,232.6,149.24,31,5873,31,5873
4 Star Hotels+,2022-07,182063,101537,55.8,234.31,130.68,31,5873,31,5873
4 Star Hotels+,2023-06,221340,118794,53.7,214.83,115.3,38,7162,39,7378
4 Star Hotels+,2023-11,227670,160688,70.6,229.68,162.11,40,7429,42,7589
4 Star Hotels+,2024-02,212464,181039,85.2,324.41,276.43,39,7309,42,7588
4 Star Hotels+,2025-03,253828,118361,46.6,221.65,103.36,42,7909,45,8188
5 Star Hotels+,2015-02,229180,164973,72.0,822.82,592.3,28,7963,29,8185
5 Star Hotels+,2015-11,258150,173900,67.4,731.73,492.93,30,8383,31,8605
5 Star Hotels+,2017-03,316262,215456,68.1,624.88,425.7,36,9980,37,10202
5 Star Hotels+,2017-04,309660,219494,70.9,685.96,486.22,37,10100,38,10322
5 Star Hotels+,2017-05,319982,185309,57.9,612.83,354.9,37,10100,38,10322
5 Star Hotels+,2017-06,310200,117254,37.8,625.79,236.55,37,10118,38,10340
5 Star Hotels+,2017-09,315990,163797,51.8,651.72,337.82,38,10311,39,10533
5 Star Hotels+,2018-04,335010,205147,61.2,606.47,371.38,40,10945,41,11167
5 Star Hotels+,2018-10,365242,229176,62.7,532.66,334.22,43,11365,45,11782
5 Star Hotels+,2021-05,427397,237856,55.7,487.21,271.15,53,13565,54,13787
5 Star Hotels+,2021-08,427428,303860,71.1,513.76,365.23,53,13566,54,13788
5 Star Hotels+,2021-12,433938,295536,68.1,611.49,416.46,54,13776,55,13998
5 Star Hotels+,2023-05,564014,293834,52.1,582.09,303.25,74,18194,74,18194
Deluxe Apartments+,2014-09,117180,105599,90.1,326.66,294.38,6,3826,7,3906
Deluxe Apartments+,2014-11,117180,105292,89.9,339.98,305.49,6,3826,7,3906
Deluxe Apartments+,2016-04,119700,87693,73.3,357.77,262.11,7,3990,7,3990
Deluxe Apartments+,2016-06,119700,83066,69.4,333.5,231.44,7,3990,7,3990
Deluxe Apartments+,2017-06,143520,87606,61.0,351.36,214.48,11,4784,11,4784
Deluxe Apartments+,2018-09,146670,103419,70.5,303.85,214.25,12,4889,12,4889
Deluxe Apartments+,2018-10,151559,114309,75.4,298.05,224.79,12,4889,12,4889
Deluxe Apartments+,2021-01,172577,89346,51.8,307.54,159.22,15,5567,15,5567
Deluxe Apartments+,2021-12,196540,116402,59.2,418.55,247.89,17,6340,17,6340
Deluxe Apartments+,2022-03,196540,101635,51.7,413.33,213.74,17,6340,17,6340
Deluxe Apartments+,2023-12,267282,200513,75.0,367.89,275.99,29,8510,30,8622
Deluxe Apartments+,2024-09,258660,186458,72.1,338.13,243.75,28,8468,30,8622
Deluxe Apartments+,2025-02,241528,213493,88.4,413.21,365.24,29,8472,31,8626
Qatar+,2014-03,530534,421764,79.5,533.41,424.05,65,16008,72,17114
Qatar+,2014-08,519312,359398,69.2,487.65,337.49,65,16017,71,16752
Qatar+,2014-10,519281,418559,80.6,536.78,432.67,64,15920,71,16751
Qatar+,2015-02,509740,398021,78.1,562.38,439.13,74,17777,78,18205
Qatar+,2015-03,564355,456137,80.8,581.72,470.17,75,17785,78,18205
Qatar+,2016-02,568148,371276,65.3,506.41,330.93,86,19896,89,20291
Qatar+,2017-05,699329,409826,58.6,448.29,262.71,96,22164,99,22559
Qatar+,2017-09,703500,374037,53.2,450.52,239.53,101,23102,103,23450
Qatar+,2021-01,865489,519943,60.1,327.47,196.73,126,27478,129,27919
Qatar+,2022-03,917879,601062,65.5,467.89,306.39,135,29261,137,29609
Qatar+,2022-06,899220,539156,60.0,447.38,268.24,137,29752,138,29974
Qatar+,2022-11,1124160,628079,55.9,1839.25,1027.6,171,36359,178,37472
Qatar+,2023-06,1149390,624122,54.3,406.19,220.56,181,37617,186,38313
Standard Apartments+,2014-03,5146,4164,80.9,266.87,215.94,3,166,3,166
Standard Apartments+,2014-08,5146,3468,67.4,265.58,178.98,3,166,3,166
Standard Apartments+,2015-07,5146,3200,62.2,244.25,151.89,3,166,3,166
Standard Apartments+,2017-05,26567,13125,49.4,303.1,149.74,5,857,5,857
Standard Apartments+,2017-12,26567,17271,65.0,283.6,184.37,5,857,5,857
Standard Apartments+,2019-05,30597,22379,73.1,261.53,191.28,6,987,6,987
Standard Apartments+,2020-07,31465,16580,52.7,256.37,135.09,6,987,7,1015
Standard Apartments+,2020-11,29250,20449,69.9,223.73,156.41,6,975,6,975
Standard Apartments+,2022-08,32612,17936,55.0,257.73,141.74,8,1052,8,1052
Standard Apartments+,2024-01,32612,26101,80.0,296.58,237.37,8,1052,8,1052
Standard Apartments+,2024-02,29456,21896,74.3,322.12,239.45,8,1052,8,1052
Deluxe Apartments+,2017-05,148304,95805,64.6,345.52,223.2,11,4784,11,4784
Deluxe Apartments+,2019-07,150691,99145,65.8,303.99,200.01,12,4861,12,4861
Deluxe Apartments+,2020-10,172577,79632,46.1,327.24,151.0,15,5567,15,5567
Deluxe Apartments+,2020-11,167010,84459,50.6,312.51,158.04,15,5567,15,5567
Deluxe Apartments+,2021-08,196509,124087,63.1,367.05,231.78,17,6339,17,6339
Deluxe Apartments+,2022-04,197040,85540,43.4,359.89,156.24,18,6568,18,6568
Deluxe Apartments+,2024-04,258660,182451,70.5,380.83,268.62,29,8510,30,8622
Qatar+,2019-09,778710,535458,68.8,362.97,249.59,115,25609,117,25957
Qatar+,2021-08,910904,646465,71.0,389.81,276.65,133,28943,136,29384
Qatar+,2021-11,885090,626023,70.7,419.5,296.71,134,29155,136,29503
Standard Apartments+,2014-07,5146,3689,71.7,250.96,179.9,3,166,3,166
Standard Apartments+,2018-01,26567,17180,64.7,277.51,179.46,5,857,5,857
Standard Apartments+,2018-11,25710,18243,71.0,266.98,189.44,5,857,5,857
Standard Apartments+,2019-10,30597,23063,75.4,277.19,208.94,6,987,6,987
Standard Apartments+,2025-02,29456,23736,80.6,267.93,215.9,7,961,8,1052
1 & 2 Star Hotels+,2015-03,13981,12102,86.6,293.98,254.47,6,379,7,451
1 & 2 Star Hotels+,2017-03,14911,10994,73.7,239.51,176.59,8,481,8,481
1 & 2 Star Hotels+,2018-10,16647,13014,78.2,173.2,135.4,9,537,9,537
1 & 2 Star Hotels+,2021-11,13320,11545,86.7,198.34,171.91,8,444,8,444
1 & 2 Star Hotels+,2023-01,16616,12787,77.0,166.91,128.45,9,536,9,536
1 & 2 Star Hotels+,2023-09,17580,16476,93.7,148.72,139.38,10,586,10,586
3 Star Hotels+,2014-10,28861,22872,79.2,289.13,229.13,9,709,11,931
3 Star Hotels+,2016-02,34832,20175,57.9,270.91,156.91,13,1118,14,1244
3 Star Hotels+,2016-08,36239,20744,57.2,257.91,147.63,12,1043,13,1169
3 Star Hotels+,2017-03,42005,25473,60.6,239.93,145.5,14,1229,15,1355
3 Star Hotels+,2017-10,50282,27664,55.0,175.08,96.32,16,1496,17,1622
3 Star Hotels+,2019-03,52886,43799,82.8,175.58,145.41,17,1580,18,1706
3 Star Hotels+,2020-06,56700,31900,56.3,173.25,97.47,17,1671,19,1890
3 Star Hotels+,2022-06,47790,39953,83.6,195.08,163.09,15,1593,15,1593
3 Star Hotels+,2024-01,72354,68623,94.8,275.35,261.16,21,2256,23,2334
4 Star Hotels+,2015-03,143871,120710,83.9,428.69,359.68,23,4641,23,4641
4 Star Hotels+,2015-09,147360,100473,68.2,391.43,266.88,25,4912,25,4912
4 Star Hotels+,2018-05,175615,97255,55.4,235.64,130.5,29,5665,29,5665
4 Star Hotels+,2019-04,169320,125875,74.3,227.87,169.4,28,5428,29,5644
4 Star Hotels+,2021-10,186992,138835,74.2,246.07,182.7,32,6032,32,6032
4 Star Hotels+,2022-05,182063,118246,64.9,242.0,157.18,31,5873,31,5873
4 Star Hotels+,2023-01,228377,97487,42.7,236.33,100.88,38,7151,39,7367
4 Star Hotels+,2023-02,206276,112822,54.7,242.69,132.74,39,7367,39,7367
4 Star Hotels+,2023-03,228377,124409,54.5,248.64,135.45,38,7151,39,7367
5 Star Hotels+,2015-03,253735,190867,75.2,841.04,632.65,28,7963,29,8185
5 Star Hotels+,2017-07,320540,153206,47.8,705.32,337.12,37,10118,38,10340
5 Star Hotels+,2022-08,469836,228889,48.7,548.55,267.24,58,14934,59,15156
5 Star Hotels+,2023-01,553629,256237,46.3,572.93,265.17,72,17859,72,17859
5 Star Hotels+,2023-09,551910,283557,51.4,509.68,261.86,74,18327,75,18397
Deluxe Apartments+,2014-04,116910,99492,85.1,323.07,274.94,6,3817,7,3897
Deluxe Apartments+,2014-07,121086,100651,83.1,331.53,275.58,6,3826,7,3906
Deluxe Apartments+,2015-06,117120,96797,82.6,350.17,289.41,7,3904,7,3904
Qatar+,2021-03,887468,635663,71.6,390.04,279.38,128,28187,131,28628
Qatar+,2023-02,1062460,606469,57.1,431.92,246.55,182,37930,183,37945
Standard Apartments+,2020-08,30225,19389,64.1,235.03,150.76,5,947,6,975
Standard Apartments+,2022-07,32612,17629,54.1,266.47,144.05,8,1052,8,1052
1 & 2 Star Hotels+,2014-01,13981,11817,84.5,277.05,234.17,4,336,7,451
1 & 2 Star Hotels+,2014-02,12628,10271,81.3,258.58,210.32,5,371,7,451
1 & 2 Star Hotels+,2015-04,13530,8657,64.0,278.79,178.38,7,451,7,451
1 & 2 Star Hotels+,2015-07,14756,8554,58.0,276.29,160.17,8,476,8,476
1 & 2 Star Hotels+,2015-12,14756,10133,68.7,281.01,192.97,8,476,8,476
1 & 2 Star Hotels+,2016-06,14280,6239,43.7,282.86,123.58,8,476,8,476
1 & 2 Star Hotels+,2019-09,16140,14088,87.3,163.86,143.03,9,538,9,538
1 & 2 Star Hotels+,2020-05,12276,5529,45.0,143.4,64.58,6,285,7,396
1 & 2 Star Hotels+,2022-10,16616,13964,84.0,171.02,143.73,9,536,9,536
1 & 2 Star Hotels+,2023-11,17580,16366,93.1,162.35,151.14,10,586,10,586
1 & 2 Star Hotels+,2024-03,18166,13834,76.2,154.83,117.91,10,586,10,586
1 & 2 Star Hotels+,2024-09,17580,14767,84.0,146.36,122.94,9,536,10,586
1 & 2 Star Hotels+,2025-01,18166,16885,92.9,193.2,179.58,8,511,10,586
3 Star Hotels+,2015-01,34441,27516,79.9,359.85,287.49,12,985,13,1111
3 Star Hotels+,2015-06,37380,20399,54.6,277.49,151.43,13,1120,14,1246
3 Star Hotels+,2015-07,38564,19654,51.0,284.18,144.83,13,1118,14,1244
3 Star Hotels+,2016-12,38285,24329,63.5,244.5,155.37,13,1109,14,1235
3 Star Hotels+,2017-07,50282,20085,39.9,194.77,77.8,16,1496,17,1622
3 Star Hotels+,2019-01,52886,40623,76.8,173.42,133.21,17,1580,18,1706
3 Star Hotels+,2019-06,51180,36219,70.8,173.0,122.43,17,1580,18,1706
3 Star Hotels+,2019-08,52886,37526,71.0,168.53,119.58,17,1580,18,1706
3 Star Hotels+,2019-09,51180,41419,80.9,168.81,136.61,17,1580,18,1706
3 Star Hotels+,2020-07,58590,33904,57.9,149.68,86.61,17,1671,19,1890
3 Star Hotels+,2021-11,47670,41503,87.1,229.45,199.77,14,1463,15,1589
3 Star Hotels+,2022-03,49259,41952,85.2,213.21,181.58,14,1463,15,1589
3 Star Hotels+,2023-02,62972,48542,77.1,188.07,144.98,21,2234,22,2249
3 Star Hotels+,2023-04,67410,46900,69.6,177.71,123.64,21,2232,22,2247
3 Star Hotels+,2024-06,75570,56321,74.5,167.02,124.48,22,2441,24,2519
4 Star Hotels+,2014-12,143871,113836,79.1,397.05,314.16,22,4414,23,4641
4 Star Hotels+,2015-06,142140,87001,61.2,379.77,232.45,24,4738,24,4738
4 Star Hotels+,2015-10,152272,108770,71.4,393.93,281.39,25,4912,25,4912
4 Star Hotels+,2016-08,153605,81825,53.3,325.5,173.39,25,4955,25,4955
4 Star Hotels+,2017-04,148980,100143,67.2,339.58,228.26,25,4966,25,4966
4 Star Hotels+,2017-09,161100,73350,45.5,270.83,123.31,26,5370,26,5370
4 Star Hotels+,2018-08,175305,90745,51.8,228.59,118.33,29,5655,29,5655
4 Star Hotels+,2019-03,175026,123575,70.6,233.6,164.93,29,5646,29,5646
4 Star Hotels+,2020-10,180792,131139,72.5,208.88,151.51,30,5832,30,5832
4 Star Hotels+,2021-06,180960,127148,70.3,228.8,160.76,32,6032,32,6032
4 Star Hotels+,2022-02,161420,112509,69.7,244.61,170.49,30,5765,30,5765
4 Star Hotels+,2022-08,182094,109958,60.4,225.23,136.0,30,5769,31,5874
4 Star Hotels+,2022-09,173070,93247,53.9,254.28,137.0,30,5769,30,5769
4 Star Hotels+,2022-12,228036,139146,61.0,1088.79,664.37,37,6692,39,7356
5 Star Hotels+,2014-10,214179,161868,75.6,801.23,605.54,23,6687,24,6909
5 Star Hotels+,2015-09,252540,165089,65.4,766.21,500.88,29,8196,30,8418
5 Star Hotels+,2015-10,266755,184869,69.3,760.99,527.39,29,8196,31,8605
5 Star Hotels+,2016-04,291330,182643,62.7,723.84,453.8,34,9489,35,9711
5 Star Hotels+,2019-07,396521,213298,53.8,542.52,291.84,46,12376,48,12791
5 Star Hotels+,2019-11,376890,261910,69.5,509.05,353.75,47,12341,48,12563
5 Star Hotels+,2020-06,390270,169935,43.5,500.32,217.85,49,12619,51,13009
5 Star Hotels+,2020-11,400680,233138,58.2,437.53,254.58,51,13134,52,13356
5 Star Hotels+,2021-03,425227,312524,73.5,504.47,370.76,52,13495,53,13717
5 Star Hotels+,2021-07,427428,240326,56.2,611.74,343.96,53,13566,54,13788
5 Star Hotels+,2023-04,546060,226551,41.5,661.21,274.33,74,18202,74,18202
5 Star Hotels+,2024-08,592534,311288,52.5,543.11,285.32,77,18874,79,19114
Deluxe Apartments+,2014-08,121086,102821,84.9,346.37,294.12,6,3826,7,3906
Deluxe Apartments+,2015-10,121024,106692,88.2,364.61,321.43,7,3904,7,3904
Deluxe Apartments+,2015-12,123690,102135,82.6,354.78,292.95,7,3990,7,3990
Deluxe Apartments+,2016-10,123690,96196,77.8,305.53,237.61,7,3990,7,3990
Deluxe Apartments+,2019-01,150691,108898,72.3,303.47,219.3,12,4861,12,4861
Deluxe Apartments+,2019-08,150691,96858,64.3,302.1,194.17,12,4861,12,4861
Deluxe Apartments+,2020-04,159810,93049,58.2,312.86,182.16,14,5327,14,5327
Deluxe Apartments+,2020-06,159810,85282,53.4,322.52,172.11,14,5327,14,5327
Deluxe Apartments+,2020-09,159810,73851,46.2,331.44,153.16,14,5327,14,5327
Deluxe Apartments+,2021-10,196540,110410,56.2,376.68,211.61,17,6340,17,6340
Deluxe Apartments+,2022-10,221216,116683,52.7,392.58,207.07,21,7136,21,7136
Deluxe Apartments+,2023-06,253260,148402,58.6,330.8,193.84,27,8040,29,8442
Deluxe Apartments+,2024-01,267282,221744,83.0,448.63,372.19,29,8510,30,8622
Deluxe Apartments+,2024-03,267282,182216,68.2,346.13,235.97,29,8510,30,8622
Deluxe Apartments+,2024-06,258660,177638,68.7,346.37,237.87,29,8510,30,8622
Deluxe Apartments+,2024-11,258660,229674,88.8,404.14,358.85,28,8468,30,8622
Qatar+,2014-04,502290,376108,74.9,512.37,383.66,64,15912,71,16743
Qatar+,2017-11,716160,434521,60.7,404.65,245.52,103,23477,106,23872
Qatar+,2019-03,807953,583307,72.2,374.07,270.06,116,25668,119,26063
Qatar+,2020-01,839263,556084,66.3,363.87,241.09,122,26725,124,27073
Qatar+,2020-03,850020,472469,55.6,347.81,193.32,123,26979,126,27420
Qatar+,2021-10,904115,626873,69.3,400.83,277.92,132,28817,134,29165
Qatar+,2022-05,929101,550676,59.3,472.89,280.28,137,29749,138,29971
Qatar+,2022-08,952599,510874,53.6,396.0,212.37,138,30387,141,30729
Qatar+,2023-07,1193655,615696,51.6,395.41,203.96,181,37719,187,38505
Qatar+,2024-02,1092252,932574,85.4,531.49,453.79,186,38470,193,39009
Qatar+,2024-08,1226019,738621,60.2,377.67,227.53,182,38509,195,39549
Qatar+,2025-02,1143940,944099,82.5,492.47,406.43,190,40017,202,40855
Qatar+,2025-03,1266505,661287,52.2,368.34,192.32,191,40032,202,40855
Standard Apartments+,2014-02,4648,3486,75.0,250.41,187.81,3,166,3,166
Standard Apartments+,2014-09,4980,3753,75.4,255.34,192.43,3,166,3,166
Standard Apartments+,2014-11,4980,4026,80.8,255.45,206.52,3,166,3,166
Standard Apartments+,2016-04,4980,3296,66.2,243.76,161.33,3,166,3,166
Standard Apartments+,2016-07,5146,2759,53.6,235.32,126.17,3,166,3,166
Standard Apartments+,2017-11,25710,16918,65.8,282.72,186.04,5,857,5,857
Standard Apartments+,2018-02,23996,16628,69.3,279.03,193.35,5,857,5,857
Standard Apartments+,2018-03,26567,19029,71.6,279.85,200.45,5,857,5,857
Standard Apartments+,2018-05,26567,19296,72.6,272.92,198.23,5,857,5,857
Standard Apartments+,2018-08,26567,17240,64.9,273.57,177.53,5,857,5,857
Standard Apartments+,2019-02,27636,18633,67.4,268.3,180.89,6,987,6,987
Standard Apartments+,2019-06,29610,20186,68.2,266.3,181.54,6,987,6,987
Standard Apartments+,2019-07,30597,21014,68.7,265.92,182.63,6,987,6,987
Standard Apartments+,2019-08,30597,20749,67.8,265.87,180.3,6,987,6,987
Standard Apartments+,2020-09,29250,19159,65.5,226.33,148.25,5,947,6,975
Standard Apartments+,2020-12,30287,21006,69.4,235.26,163.17,5,949,6,977
Standard Apartments+,2021-05,32612,23653,72.5,226.96,164.61,8,1052,8,1052
Standard Apartments+,2023-07,32612,18602,57.0,207.89,118.58,8,1052,8,1052
Standard Apartments+,2023-08,32612,19642,60.2,209.19,126.0,8,1052,8,1052
1 & 2 Star Hotels+,2014-03,13981,11922,85.3,257.05,219.19,5,371,7,451
1 & 2 Star Hotels+,2014-05,13981,11036,78.9,253.29,199.93,5,371,7,451
1 & 2 Star Hotels+,2015-06,14280,9787,68.5,276.35,189.4,8,476,8,476
1 & 2 Star Hotels+,2015-08,14756,8285,56.1,278.09,156.14,8,476,8,476
1 & 2 Star Hotels+,2016-04,14280,8750,61.3,266.47,163.28,8,476,8,476
1 & 2 Star Hotels+,2016-11,12780,9193,71.9,247.44,177.99,7,426,7,426
1 & 2 Star Hotels+,2017-04,14430,11036,76.5,246.17,188.27,8,481,8,481
1 & 2 Star Hotels+,2018-04,16110,11613,72.1,175.59,126.58,9,537,9,537
1 & 2 Star Hotels+,2018-08,16647,10678,64.1,171.97,110.31,9,537,9,537
1 & 2 Star Hotels+,2021-10,13764,13455,97.8,190.91,186.63,8,444,8,444
1 & 2 Star Hotels+,2022-09,16080,14394,89.5,178.44,159.73,9,536,9,536
1 & 2 Star Hotels+,2023-02,16408,13387,81.6,169.16,138.01,10,586,10,586
1 & 2 Star Hotels+,2023-04,17580,14600,83.0,158.33,131.49,10,586,10,586
1 & 2 Star Hotels+,2023-06,17580,15093,85.9,158.38,135.97,10,586,10,586
1 & 2 Star Hotels+,2024-02,16408,16254,99.1,230.0,227.85,10,586,10,586
1 & 2 Star Hotels+,2024-07,18166,15058,82.9,136.57,113.2,9,494,10,586
1 & 2 Star Hotels+,2024-12,18166,16588,91.3,185.87,169.72,9,536,10,586
3 Star Hotels+,2014-02,26068,18515,71.0,294.76,209.35,10,805,11,931
3 Star Hotels+,2014-04,27930,19166,68.6,262.4,180.07,9,709,11,931
3 Star Hotels+,2014-06,27930,19172,68.6,265.28,182.09,10,805,11,931
3 Star Hotels+,2014-07,28861,16285,56.4,254.26,143.46,10,805,11,931
3 Star Hotels+,2015-09,37320,23555,63.1,303.18,191.36,13,1118,14,1244
3 Star Hotels+,2016-04,37320,20670,55.4,262.03,145.13,13,1118,14,1244
3 Star Hotels+,2017-02,37940,22809,60.1,248.89,149.63,14,1229,15,1355
3 Star Hotels+,2017-04,40650,27076,66.6,263.12,175.26,14,1229,15,1355
3 Star Hotels+,2017-05,42005,24301,57.9,216.98,125.53,14,1229,15,1355
3 Star Hotels+,2017-11,48810,27989,57.3,183.44,105.19,16,1501,17,1627
3 Star Hotels+,2018-03,50220,35141,70.0,175.07,122.51,16,1494,17,1620
3 Star Hotels+,2018-07,50220,34524,68.7,167.98,115.48,16,1494,17,1620
3 Star Hotels+,2018-11,47880,36140,75.5,173.22,130.75,16,1470,17,1596
3 Star Hotels+,2019-04,51180,42668,83.4,174.35,145.35,17,1580,18,1706
3 Star Hotels+,2019-11,53550,43465,81.2,171.34,139.07,17,1659,18,1785
3 Star Hotels+,2019-12,55335,47573,86.0,190.35,163.65,17,1659,18,1785
3 Star Hotels+,2023-11,70020,61786,88.2,184.95,163.2,21,2256,23,2334
3 Star Hotels+,2023-12,72354,65664,90.8,185.65,168.48,21,2256,23,2334
3 Star Hotels+,2024-07,78089,59109,75.7,153.53,116.22,22,2441,24,2519
3 Star Hotels+,2025-01,78430,70530,89.9,241.96,217.59,21,2381,24,2530
4 Star Hotels+,2014-01,143902,110644,76.9,411.37,316.3,22,4415,23,4642
4 Star Hotels+,2014-06,139260,103413,74.3,373.65,277.47,22,4415,23,4642
4 Star Hotels+,2014-09,139230,105771,76.0,377.92,287.1,22,4414,23,4641
4 Star Hotels+,2016-04,154020,90242,58.6,356.19,208.69,25,4905,26,5134
4 Star Hotels+,2017-08,156953,72277,46.1,267.26,123.07,25,5063,25,5063
4 Star Hotels+,2018-01,175615,102571,58.4,244.9,143.04,29,5665,29,5665
4 Star Hotels+,2018-04,169950,103345,60.8,233.96,142.27,29,5665,29,5665
4 Star Hotels+,2018-10,175305,114919,65.6,227.26,148.98,29,5655,29,5655
4 Star Hotels+,2018-11,169650,113386,66.8,226.98,151.7,29,5655,29,5655
4 Star Hotels+,2019-02,158088,109544,69.3,230.51,159.73,29,5646,29,5646
4 Star Hotels+,2020-03,180823,99075,54.8,210.02,115.07,30,5833,30,5833
4 Star Hotels+,2021-12,186992,142800,76.4,267.08,203.96,32,6032,32,6032
4 Star Hotels+,2023-08,227819,114869,50.4,211.34,106.56,37,7043,39,7349
4 Star Hotels+,2024-10,241366,162923,67.5,210.44,142.05,40,7507,43,7786
5 Star Hotels+,2014-01,225680,160179,71.0,769.08,545.86,24,7058,25,7280
5 Star Hotels+,2014-11,218460,176597,80.8,779.84,630.4,23,6689,25,7282
5 Star Hotels+,2015-05,254262,174248,68.5,789.55,541.08,28,7980,29,8202
5 Star Hotels+,2015-12,276489,168023,60.8,720.23,437.69,31,8697,32,8919
5 Star Hotels+,2016-03,301041,216996,72.1,763.14,550.09,34,9489,35,9711
5 Star Hotels+,2016-05,301165,179494,59.6,703.16,419.08,34,9493,35,9715
5 Star Hotels+,2018-01,334893,188322,56.2,553.8,311.42,39,10581,40,10803
5 Star Hotels+,2018-08,357430,177121,49.6,602.11,298.37,41,11113,43,11530
5 Star Hotels+,2018-09,353100,182279,51.6,515.92,266.33,43,11353,45,11770
5 Star Hotels+,2018-11,353460,218994,62.0,506.82,314.01,43,11365,45,11782
5 Star Hotels+,2019-01,368559,223741,60.7,506.55,307.51,44,11667,45,11889
5 Star Hotels+,2019-02,332892,225476,67.7,519.63,351.96,44,11667,45,11889
5 Star Hotels+,2019-12,395250,286035,72.4,569.76,412.32,48,12528,49,12750
5 Star Hotels+,2020-02,360864,243559,67.5,516.39,348.53,49,12666,50,12888
5 Star Hotels+,2020-04,373050,166975,44.8,445.92,199.59,45,11906,48,12435
5 Star Hotels+,2020-08,414036,217725,52.6,619.81,325.93,51,13134,52,13356
5 Star Hotels+,2021-11,419970,294725,70.2,556.8,390.75,54,13777,55,13999
5 Star Hotels+,2022-04,425340,163655,38.5,505.12,194.35,55,13956,56,14178
5 Star Hotels+,2022-06,432510,259562,60.0,631.57,379.03,56,14195,57,14417
5 Star Hotels+,2022-11,535770,281974,52.6,2595.12,1365.81,70,17604,72,17859
5 Star Hotels+,2023-10,580630,358138,61.7,594.48,366.68,75,18660,76,18730
5 Star Hotels+,2024-06,573420,304560,53.1,594.75,315.89,78,19044,79,19114
5 Star Hotels+,2024-07,592534,300954,50.8,545.63,277.13,78,19044,79,19114
5 Star Hotels+,2024-09,579660,331311,57.2,530.21,303.05,77,19082,79,19322
Deluxe Apartments+,2015-04,117120,99233,84.7,361.29,306.11,7,3904,7,3904
Deluxe Apartments+,2016-11,122160,100049,81.9,322.23,263.9,8,4072,8,4072
Deluxe Apartments+,2017-08,148304,92890,62.6,342.41,214.47,11,4784,11,4784
Deluxe Apartments+,2018-04,143670,101261,70.5,329.15,231.99,11,4789,11,4789
Deluxe Apartments+,2018-05,148459,100180,67.5,315.29,212.76,11,4789,11,4789
Deluxe Apartments+,2019-02,136108,104306,76.6,314.92,241.34,12,4861,12,4861
Deluxe Apartments+,2020-03,161665,104384,64.6,307.51,198.55,13,5215,13,5215
Deluxe Apartments+,2021-06,190170,115569,60.8,339.95,206.59,17,6339,17,6339
Deluxe Apartments+,2021-11,190200,113482,59.7,392.7,234.3,17,6340,17,6340
Deluxe Apartments+,2023-01,261702,110950,42.4,388.52,164.71,28,8413,29,8442
Deluxe Apartments+,2023-07,267282,151550,56.7,330.15,187.2,28,8220,30,8622
Deluxe Apartments+,2023-09,258660,159919,61.8,315.51,195.07,29,8510,30,8622
Deluxe Apartments+,2024-07,267282,183300,68.6,333.5,228.71,28,8468,30,8622
Deluxe Apartments+,2024-08,267282,186813,69.9,336.11,234.92,28,8468,30,8622
Qatar+,2014-09,502530,387240,77.1,490.55,378.01,64,15920,71,16751
Qatar+,2015-07,572787,323087,56.4,505.65,285.22,79,18129,81,18477
Qatar+,2015-09,566010,389790,68.9,536.51,369.48,81,18519,83,18867
Qatar+,2015-10,592131,433387,73.2,532.2,389.52,81,18519,85,19101
Qatar+,2016-08,630416,354766,56.3,452.77,254.8,84,19818,87,20336
Qatar+,2016-09,612300,364753,59.6,487.79,290.58,86,20062,88,20410
Qatar+,2016-11,618540,431695,69.8,479.03,334.33,88,20223,91,20618
Qatar+,2019-04,785880,578452,73.6,397.89,292.87,114,25392,119,26196
Qatar+,2019-08,816850,466625,57.1,378.8,216.39,115,25809,118,26350
Qatar+,2019-10,814649,598215,73.4,392.03,287.88,118,25931,120,26279
Qatar+,2020-07,855848,421573,49.3,391.99,193.09,119,26749,126,27608
Qatar+,2023-05,1176636,652245,55.4,403.09,223.44,179,37470,184,37956
Qatar+,2023-09,1152750,661516,57.4,359.88,206.52,181,37861,187,38425
Qatar+,2024-03,1219974,684283,56.1,398.67,223.61,187,38815,194,39354
Qatar+,2024-05,1225089,799439,65.3,404.65,264.06,188,38980,195,39519
Qatar+,2024-12,1254291,983506,78.4,488.53,383.06,188,39668,199,40461
Standard Apartments+,2019-01,26908,19024,70.7,264.19,186.78,5,868,5,868
Standard Apartments+,2020-02,27636,21312,77.1,267.74,206.47,6,987,6,987
Standard Apartments+,2021-01,31527,20056,63.6,222.03,141.24,7,1017,7,1017
Standard Apartments+,2021-07,32612,23780,72.9,230.44,168.03,8,1052,8,1052
Standard Apartments+,2022-02,26992,15670,58.1,275.31,159.83,7,964,7,964
Standard Apartments+,2023-02,29456,14103,47.9,225.58,108.0,8,1052,8,1052
Standard Apartments+,2023-04,31560,16543,52.4,216.69,113.58,8,1052,8,1052
Standard Apartments+,2024-03,32612,17605,54.0,254.02,137.13,8,1052,8,1052
1 & 2 Star Hotels+,2015-02,12628,11215,88.8,285.36,253.44,5,371,7,451
1 & 2 Star Hotels+,2016-07,13206,5544,42.0,266.47,111.87,7,426,7,426
1 & 2 Star Hotels+,2017-05,14911,9221,61.8,233.35,144.3,8,481,8,481
1 & 2 Star Hotels+,2021-03,13671,10588,77.4,155.8,120.66,8,441,8,441
1 & 2 Star Hotels+,2022-02,11872,11741,98.9,193.89,191.75,7,424,7,424
1 & 2 Star Hotels+,2022-05,16616,14819,89.2,181.72,162.06,9,536,9,536
1 & 2 Star Hotels+,2022-06,16080,14501,90.2,180.32,162.62,9,536,9,536
1 & 2 Star Hotels+,2023-05,18166,16065,88.4,156.63,138.52,10,586,10,586
1 & 2 Star Hotels+,2024-10,18166,16999,93.6,150.36,140.7,9,536,10,586
3 Star Hotels+,2015-10,38564,23206,60.2,277.67,167.09,13,1118,14,1244
3 Star Hotels+,2018-01,50220,31587,62.9,180.14,113.3,16,1494,17,1620
3 Star Hotels+,2020-09,54240,36118,66.6,158.48,105.53,16,1589,18,1808
3 Star Hotels+,2021-06,52170,44584,85.5,190.96,163.19,15,1520,17,1739
3 Star Hotels+,2021-07,53909,46590,86.4,201.67,174.29,14,1463,17,1739
3 Star Hotels+,2021-08,53909,43284,80.3,215.08,172.69,14,1463,17,1739
3 Star Hotels+,2024-09,75570,60415,79.9,166.24,132.9,20,2314,24,2519
4 Star Hotels+,2016-01,152210,107750,70.8,387.48,274.3,25,4910,25,4910
4 Star Hotels+,2020-08,180792,106864,59.1,204.29,120.75,30,5832,30,5832
4 Star Hotels+,2021-08,186992,139372,74.5,236.48,176.26,32,6032,32,6032
4 Star Hotels+,2023-05,226424,119480,52.8,215.95,113.95,37,7088,38,7304
4 Star Hotels+,2024-07,235228,144449,61.4,202.33,124.25,39,7309,42,7588
5 Star Hotels+,2014-04,207270,151364,73.0,756.29,552.3,23,6687,24,6909
5 Star Hotels+,2014-07,214179,101405,47.3,679.1,321.53,23,6687,24,6909
5 Star Hotels+,2016-06,289140,115814,40.1,617.6,247.38,33,9416,34,9638
5 Star Hotels+,2018-06,345900,163708,47.3,603.97,285.85,41,11113,43,11530
5 Star Hotels+,2021-10,427583,297762,69.6,530.05,369.12,53,13571,54,13793
5 Star Hotels+,2024-10,600470,391961,65.3,591.54,386.13,79,19300,80,19370
Deluxe Apartments+,2014-10,121086,108850,89.9,342.36,307.77,6,3826,7,3906
Deluxe Apartments+,2015-07,121024,89722,74.1,366.34,271.59,7,3904,7,3904
Deluxe Apartments+,2017-12,148304,98767,66.6,323.53,215.47,11,4784,11,4784
Deluxe Apartments+,2019-05,150691,105699,70.1,298.91,209.67,12,4861,12,4861
Deluxe Apartments+,2019-12,150691,113625,75.4,326.51,246.2,12,4861,12,4861
Deluxe Apartments+,2020-02,146020,100592,68.9,317.89,218.99,13,5215,13,5215
Deluxe Apartments+,2021-07,196509,116062,59.1,361.33,213.41,17,6339,17,6339
Deluxe Apartments+,2024-02,241416,210735,87.3,472.07,412.07,29,8510,30,8622
Qatar+,2014-07,519312,311185,59.9,447.16,267.95,65,16017,71,16752
Qatar+,2014-11,516180,436226,84.5,527.57,445.85,64,15922,73,17206
Qatar+,2015-04,548070,398256,72.7,560.7,407.44,76,17874,79,18269
Qatar+,2016-04,615450,390556,63.5,523.46,332.18,86,19891,90,20515
Qatar+,2016-05,636089,391631,61.6,501.68,308.88,87,20124,90,20519
Qatar+,2016-12,665415,417492,62.7,452.19,283.71,91,21070,94,21465
Qatar+,2018-07,767095,444581,58.0,390.44,226.29,107,24202,110,24745
Qatar+,2021-04,867030,558300,64.4,352.5,226.98,131,28460,134,28901
Qatar+,2021-12,911214,631535,69.3,455.71,315.84,132,29046,134,29394
Qatar+,2023-03,1176233,685008,58.2,447.74,260.75,179,37520,183,37943
Standard Apartments+,2014-10,5146,4119,80.0,274.49,219.71,3,166,3,166
Standard Apartments+,2017-06,25710,12316,47.9,299.24,143.35,5,857,5,857
Standard Apartments+,2018-06,25710,17274,67.2,275.05,184.8,5,857,5,857
Standard Apartments+,2024-08,32612,16862,51.7,216.42,111.9,7,961,8,1052
Standard Apartments+,2024-12,32612,25360,77.8,259.28,201.62,7,961,8,1052
4 Star Hotels+,2016-09,148650,82139,55.3,341.9,188.92,25,4955,25,4955
4 Star Hotels+,2017-01,153605,102985,67.0,331.1,221.99,25,4955,25,4955
4 Star Hotels+,2017-02,139020,92455,66.5,326.19,216.93,25,4965,25,4965
4 Star Hotels+,2021-01,182621,125983,69.0,211.74,146.07,31,5891,31,5891
4 Star Hotels+,2021-11,180960,140156,77.5,254.36,197.01,32,6032,32,6032
4 Star Hotels+,2022-11,220860,126317,57.2,1002.62,573.43,36,6614,39,7362
4 Star Hotels+,2024-03,235228,129127,54.9,226.53,124.35,39,7309,42,7588
4 Star Hotels+,2024-12,254169,197608,77.7,264.12,205.35,42,7920,45,8199
5 Star Hotels+,2014-08,214179,128562,60.0,731.07,438.83,23,6687,24,6909
5 Star Hotels+,2015-04,246060,165003,67.1,832.65,558.36,28,7980,29,8202
5 Star Hotels+,2015-06,246060,133003,54.1,715.01,386.49,28,7980,29,8202
5 Star Hotels+,2016-07,298778,151897,50.8,708.37,360.13,33,9416,34,9638
5 Star Hotels+,2018-12,365242,223292,61.1,534.01,326.47,43,11365,45,11782
5 Star Hotels+,2019-04,379980,265058,69.8,573.37,399.96,46,12251,48,12666
5 Star Hotels+,2023-11,558660,376396,67.4,553.79,373.12,76,18552,77,18622
5 Star Hotels+,2024-02,525252,441303,84.0,695.87,584.65,77,18689,78,18759
Deluxe Apartments+,2020-07,165137,81788,49.5,331.25,164.06,14,5327,14,5327
Deluxe Apartments+,2025-03,267406,193030,72.2,332.16,239.78,29,8472,31,8626
Qatar+,2015-08,579483,353325,61.0,496.23,302.56,80,18345,82,18693
Qatar+,2015-11,575610,401355,69.7,519.06,361.93,82,18792,85,19187
Qatar+,2021-07,910904,562662,61.8,417.23,257.72,133,28943,136,29384
Qatar+,2024-04,1186170,740474,62.4,462.31,288.6,188,39000,195,39539
Standard Apartments+,2016-05,5146,3193,62.0,237.69,147.48,3,166,3,166
Standard Apartments+,2017-04,25710,12942,50.3,326.16,164.18,5,857,5,857
Standard Apartments+,2018-10,26567,19368,72.9,268.2,195.52,5,857,5,857
Standard Apartments+,2019-11,29610,21315,72.0,271.45,195.4,6,987,6,987
Standard Apartments+,2020-06,30450,18136,59.6,243.91,145.27,6,987,7,1015
Standard Apartments+,2021-04,31560,25059,79.4,226.34,179.71,8,1052,8,1052
Standard Apartments+,2023-05,32612,17994,55.2,209.92,115.83,8,1052,8,1052
1 & 2 Star Hotels+,2014-07,13981,10097,72.2,254.17,183.56,5,371,7,451
1 & 2 Star Hotels+,2019-03,16647,14541,87.3,171.4,149.71,9,537,9,537
1 & 2 Star Hotels+,2021-07,13764,11461,83.3,166.27,138.45,8,444,8,444
1 & 2 Star Hotels+,2022-11,16080,13366,83.1,384.37,319.49,9,536,9,536
3 Star Hotels+,2016-01,38564,27361,71.0,300.79,213.41,13,1118,14,1244
3 Star Hotels+,2016-05,38564,21499,55.7,251.71,140.32,13,1118,14,1244
3 Star Hotels+,2018-12,49476,39276,79.4,174.71,138.69,16,1470,17,1596
3 Star Hotels+,2019-02,47768,38601,80.8,176.05,142.27,17,1580,18,1706
3 Star Hotels+,2019-07,52886,39925,75.5,167.11,126.16,17,1580,18,1706
3 Star Hotels+,2020-05,58590,34901,59.6,169.85,101.18,17,1671,19,1890
3 Star Hotels+,2020-11,51960,36862,70.9,178.7,126.77,15,1513,17,1732
3 Star Hotels+,2022-04,47670,35202,73.8,186.09,137.42,14,1463,15,1589
3 Star Hotels+,2023-01,67518,46257,68.5,188.84,129.38,20,2163,21,2178
3 Star Hotels+,2024-02,65352,60887,93.2,278.19,259.18,21,2256,23,2334
3 Star Hotels+,2024-08,78089,60313,77.2,153.7,118.71,21,2385,24,2519
4 Star Hotels+,2014-04,139260,95952,68.9,384.16,264.69,22,4415,23,4642
4 Star Hotels+,2017-10,166470,86143,51.7,262.76,135.97,26,5370,26,5370
4 Star Hotels+,2020-09,174960,119331,68.2,214.16,146.07,30,5832,30,5832
4 Star Hotels+,2022-04,176010,93768,53.3,221.55,118.03,31,5867,31,5867
5 Star Hotels+,2016-10,306342,186902,61.0,677.41,413.3,35,9660,36,9882
5 Star Hotels+,2018-07,357430,185251,51.8,583.66,302.5,41,11113,43,11530
5 Star Hotels+,2020-12,414036,256153,61.9,477.17,295.21,51,13134,52,13356
5 Star Hotels+,2023-07,572818,263407,46.0,578.91,266.21,75,18478,75,18478
Deluxe Apartments+,2014-05,120807,105342,87.2,321.12,280.01,6,3817,7,3897
Deluxe Apartments+,2015-01,121024,114306,94.4,366.95,346.58,7,3904,7,3904
Deluxe Apartments+,2016-01,123690,103355,83.6,350.98,293.28,7,3990,7,3990
Deluxe Apartments+,2016-02,111720,89478,80.1,355.76,284.93,7,3990,7,3990
Deluxe Apartments+,2017-04,131640,98470,74.8,370.16,276.89,10,4388,10,4388
Deluxe Apartments+,2020-01,161665,109770,67.9,305.85,207.67,13,5215,13,5215
Deluxe Apartments+,2022-07,200136,94489,47.2,401.13,189.38,17,6456,17,6456
Qatar+,2018-10,778410,525081,67.5,371.74,250.76,110,24520,114,25110
Qatar+,2020-08,856003,464984,54.3,423.9,230.27,120,26977,126,27613
Qatar+,2022-04,895110,406068,45.4,362.33,164.37,136,29489,138,29837
Standard Apartments+,2016-11,7710,4025,52.2,278.12,145.19,4,257,4,257
Standard Apartments+,2022-01,29884,17856,59.8,275.84,164.82,7,964,7,964
Standard Apartments+,2022-12,32612,16397,50.3,1358.57,683.08,8,1052,8,1052
Standard Apartments+,2023-12,32612,23285,71.4,233.17,166.48,8,1052,8,1052
Standard Apartments+,2024-09,31560,18291,58.0,217.94,126.31,7,961,8,1052
1 & 2 Star Hotels+,2014-11,13530,12134,89.7,278.13,249.44,5,371,7,451
1 & 2 Star Hotels+,2014-12,13981,12587,90.0,286.11,257.57,5,371,7,451
1 & 2 Star Hotels+,2015-09,14280,9302,65.1,290.67,189.34,8,476,8,476
1 & 2 Star Hotels+,2016-05,14756,8301,56.3,261.8,147.28,8,476,8,476
1 & 2 Star Hotels+,2016-08,13206,6138,46.5,262.85,122.17,7,426,7,426
1 & 2 Star Hotels+,2017-01,14911,10608,71.1,253.56,180.38,8,481,8,481
1 & 2 Star Hotels+,2019-07,16678,13381,80.2,164.8,132.22,9,538,9,538
1 & 2 Star Hotels+,2020-03,16585,9864,59.5,167.01,99.33,9,535,9,535
1 & 2 Star Hotels+,2021-08,13764,12646,91.9,175.73,161.46,8,444,8,444
1 & 2 Star Hotels+,2022-01,13144,12888,98.1,197.39,193.55,7,424,7,424
1 & 2 Star Hotels+,2022-04,16080,11742,73.0,173.23,126.49,9,536,9,536
1 & 2 Star Hotels+,2022-08,16616,14539,87.5,174.84,152.98,9,536,9,536
1 & 2 Star Hotels+,2024-04,17580,14579,82.9,161.74,134.13,10,586,10,586
1 & 2 Star Hotels+,2025-03,19561,16596,84.8,147.37,125.03,9,536,11,631
3 Star Hotels+,2014-08,28861,18275,63.3,268.67,170.13,10,805,11,931
3 Star Hotels+,2015-08,38564,20824,54.0,278.86,150.58,13,1118,14,1244
3 Star Hotels+,2015-12,38564,23843,61.8,279.65,172.9,13,1118,14,1244
3 Star Hotels+,2016-06,35070,15112,43.1,230.49,99.32,12,1043,13,1169
3 Star Hotels+,2017-08,50282,22583,44.9,184.45,82.84,16,1496,17,1622
3 Star Hotels+,2020-10,53692,38523,71.7,173.43,124.43,15,1513,17,1732
3 Star Hotels+,2021-03,56234,49762,88.5,180.77,159.96,16,1595,18,1814
3 Star Hotels+,2021-12,49259,44745,90.8,254.29,230.99,14,1463,15,1589
3 Star Hotels+,2022-09,48240,36666,76.0,186.2,141.52,15,1593,16,1608
3 Star Hotels+,2023-08,71610,55880,78.0,162.1,126.49,21,2232,23,2310
4 Star Hotels+,2014-08,143902,101312,70.4,370.69,260.98,22,4415,23,4642
4 Star Hotels+,2014-11,139230,117541,84.4,395.09,333.55,22,4414,23,4641
4 Star Hotels+,2017-03,153915,103215,67.1,319.43,214.21,25,4965,25,4965
4 Star Hotels+,2017-06,151890,58198,38.3,287.34,110.1,25,5063,25,5063
4 Star Hotels+,2017-11,164100,96337,58.7,255.5,150.0,27,5470,27,5470
4 Star Hotels+,2017-12,169570,93623,55.2,252.74,139.54,27,5470,27,5470
4 Star Hotels+,2018-12,175305,115468,65.9,226.55,149.22,29,5655,29,5655
4 Star Hotels+,2019-05,174964,97290,55.6,220.86,122.81,28,5428,29,5644
4 Star Hotels+,2019-06,171780,101284,59.0,222.28,131.06,28,5510,29,5726
4 Star Hotels+,2019-07,177320,110260,62.2,222.84,138.56,28,5504,29,5720
4 Star Hotels+,2019-11,171180,122483,71.6,226.29,161.92,29,5706,29,5706
4 Star Hotels+,2020-01,180513,122872,68.1,224.47,152.79,30,5823,30,5823
4 Star Hotels+,2020-04,170520,77116,45.2,212.87,96.27,28,5573,29,5684
4 Star Hotels+,2020-12,180792,133550,73.9,209.22,154.55,30,5832,30,5832
4 Star Hotels+,2021-05,186992,117017,62.6,232.72,145.63,32,6032,32,6032
4 Star Hotels+,2021-07,186992,127090,68.0,229.22,155.79,32,6032,32,6032
4 Star Hotels+,2023-10,230547,147868,64.1,215.94,138.5,38,7131,40,7437
5 Star Hotels+,2014-09,207270,145327,70.1,729.02,511.15,23,6687,24,6909
5 Star Hotels+,2015-01,243908,188004,77.1,838.91,646.63,27,7646,28,7868
5 Star Hotels+,2016-08,304048,159086,52.3,628.14,328.66,33,9416,35,9808
5 Star Hotels+,2016-11,296100,200706,67.8,663.65,449.84,35,9648,36,9870
5 Star Hotels+,2019-05,403713,173574,43.0,480.6,206.63,47,12608,49,13023
5 Star Hotels+,2019-09,372360,235995,63.4,508.57,322.32,46,12190,47,12412
5 Star Hotels+,2019-10,389453,271625,69.7,562.09,392.03,47,12341,48,12563
5 Star Hotels+,2020-09,400680,220315,55.0,490.91,269.93,51,13134,52,13356
5 Star Hotels+,2021-06,413640,268319,64.9,542.21,351.72,53,13566,54,13788
5 Star Hotels+,2021-09,413790,302335,73.1,485.93,355.04,53,13571,54,13793
5 Star Hotels+,2022-01,439518,217635,49.5,497.88,246.54,55,13956,56,14178
5 Star Hotels+,2022-03,439518,301745,68.7,635.59,436.36,55,13956,56,14178
5 Star Hotels+,2022-10,488932,266348,54.5,603.09,328.54,60,15550,61,15772
5 Star Hotels+,2023-03,564262,323026,57.2,618.71,354.2,74,18202,74,18202
5 Star Hotels+,2023-12,577282,386139,66.9,605.29,404.88,76,18552,77,18622
5 Star Hotels+,2024-01,581529,475904,81.8,649.45,531.49,76,18539,78,18759
5 Star Hotels+,2024-03,592224,292475,49.4,559.06,276.1,78,19034,79,19104
5 Star Hotels+,2025-03,612560,263680,43.0,515.09,221.73,80,19690,81,19760
Deluxe Apartments+,2016-07,123690,79886,64.6,335.45,216.65,7,3990,7,3990
Deluxe Apartments+,2016-08,123690,86245,69.7,318.96,222.4,7,3990,7,3990
Deluxe Apartments+,2016-12,126232,101159,80.1,313.57,251.28,8,4072,8,4072
Deluxe Apartments+,2018-01,148366,99233,66.9,326.62,218.46,11,4786,11,4786
Deluxe Apartments+,2018-06,143670,91940,64.0,322.75,206.54,11,4789,11,4789
Deluxe Apartments+,2018-07,148459,98208,66.2,311.76,206.24,11,4789,11,4789
Deluxe Apartments+,2018-11,146670,108993,74.3,305.05,226.69,12,4889,12,4889
Deluxe Apartments+,2019-11,145830,107356,73.6,303.05,223.09,12,4861,12,4861
Deluxe Apartments+,2020-08,165137,81411,49.3,349.85,172.47,14,5327,14,5327
Deluxe Apartments+,2021-02,167944,90786,54.1,338.67,183.08,16,5998,16,5998
Deluxe Apartments+,2021-03,185938,116699,62.8,386.08,242.31,16,5998,16,5998
Deluxe Apartments+,2021-05,196509,108180,55.1,341.2,187.83,17,6339,17,6339
Deluxe Apartments+,2022-05,200136,95488,47.7,421.52,201.11,17,6456,17,6456
Deluxe Apartments+,2022-08,200136,99872,49.9,373.91,186.59,17,6456,17,6456
Deluxe Apartments+,2023-03,261702,151132,57.7,382.4,220.83,27,8250,29,8442
Deluxe Apartments+,2023-04,253260,132534,52.3,370.92,194.11,27,8250,29,8442
Qatar+,2014-05,519033,395317,76.2,506.95,386.11,65,16008,71,16743
Qatar+,2015-01,554528,465944,84.0,571.13,479.9,74,17468,77,17888
Qatar+,2017-03,683302,464632,68.0,462.58,314.55,94,21647,97,22042
Qatar+,2017-06,688230,297378,43.2,434.78,187.86,98,22546,101,22941
Qatar+,2018-11,753300,504892,67.0,361.42,242.24,110,24520,114,25110
Qatar+,2018-12,783742,516199,65.9,373.32,245.88,111,24692,115,25282
Qatar+,2020-04,796740,391647,49.2,335.02,164.68,114,25652,121,26558
Qatar+,2020-11,834540,509279,61.0,328.96,200.75,124,27377,127,27818
Qatar+,2021-05,910873,537423,59.0,364.16,214.86,133,28942,136,29383
Qatar+,2022-02,820596,476949,58.1,388.26,225.67,131,28959,133,29307
Qatar+,2022-09,922830,516821,56.0,419.54,234.96,138,30524,140,30761
Qatar+,2023-01,1161911,538416,46.3,423.61,196.29,176,37221,179,37481
Qatar+,2023-08,1188664,634412,53.4,368.45,196.65,180,37778,186,38344
Qatar+,2024-01,1209279,1015494,84.0,497.83,418.05,186,38439,193,39009
Standard Apartments+,2014-12,5146,3927,76.3,262.22,200.11,3,166,3,166
Standard Apartments+,2015-03,5146,4374,85.0,289.99,246.49,3,166,3,166
Standard Apartments+,2015-09,4980,3114,62.5,251.43,157.22,3,166,3,166
Standard Apartments+,2016-02,4648,3050,65.6,249.25,163.56,3,166,3,166
Standard Apartments+,2016-03,5146,3501,68.0,262.01,178.25,3,166,3,166
Standard Apartments+,2016-10,7967,3220,40.4,233.6,94.41,4,257,4,257
Standard Apartments+,2017-01,26567,6442,24.2,340.13,82.47,5,857,5,857
Standard Apartments+,2017-03,26567,10778,40.6,304.05,123.35,5,857,5,857
Standard Apartments+,2017-07,26567,12928,48.7,298.58,145.3,5,857,5,857
Standard Apartments+,2017-10,26567,17084,64.3,281.2,180.83,5,857,5,857
Standard Apartments+,2018-04,25710,18998,73.9,273.33,201.97,5,857,5,857
Standard Apartments+,2019-03,30597,21824,71.3,274.27,195.63,6,987,6,987
Standard Apartments+,2019-09,29610,22362,75.5,277.73,209.74,6,987,6,987
Standard Apartments+,2021-06,31560,24586,77.9,227.64,177.34,8,1052,8,1052
Standard Apartments+,2021-08,32612,25150,77.1,233.49,180.06,8,1052,8,1052
Standard Apartments+,2021-09,31560,25744,81.6,236.57,192.97,8,1052,8,1052
Standard Apartments+,2021-10,32612,27970,85.8,236.5,202.83,8,1052,8,1052
Standard Apartments+,2021-11,31560,24879,78.8,257.62,203.08,8,1052,8,1052
Standard Apartments+,2022-05,32612,17781,54.5,262.78,143.28,8,1052,8,1052
Standard Apartments+,2022-06,31560,18377,58.2,255.06,148.52,8,1052,8,1052
Standard Apartments+,2023-06,31560,17591,55.7,210.94,117.57,8,1052,8,1052
Standard Apartments+,2024-07,32612,16993,52.1,220.45,114.87,7,961,8,1052
1 & 2 Star Hotels+,2021-04,13320,9487,71.2,152.77,108.81,8,444,8,444
1 & 2 Star Hotels+,2021-05,13764,8825,64.1,160.2,102.72,8,444,8,444
1 & 2 Star Hotels+,2023-07,18166,15482,85.2,150.03,127.87,10,586,10,586
3 Star Hotels+,2014-01,28861,21211,73.5,299.25,219.93,9,760,11,931
3 Star Hotels+,2017-12,50437,30500,60.5,180.76,109.31,16,1501,17,1627
3 Star Hotels+,2018-05,50220,33079,65.9,168.54,111.01,16,1494,17,1620
3 Star Hotels+,2018-06,48600,29936,61.6,171.46,105.62,16,1494,17,1620
3 Star Hotels+,2019-10,56730,46107,81.3,172.92,140.53,18,1704,19,1830
3 Star Hotels+,2020-01,55335,44857,81.1,177.79,144.13,17,1659,18,1785
3 Star Hotels+,2021-05,56234,44146,78.5,200.3,157.24,16,1595,18,1814
3 Star Hotels+,2024-04,75570,54201,71.7,205.77,147.58,22,2441,24,2519
4 Star Hotels+,2015-12,152241,92211,60.6,373.92,226.48,25,4911,25,4911
4 Star Hotels+,2016-11,148650,96845,65.1,334.4,217.86,25,4955,25,4955
4 Star Hotels+,2017-05,153946,84941,55.2,308.37,170.15,25,4966,25,4966
4 Star Hotels+,2023-04,219120,95845,43.7,232.13,101.54,37,7088,38,7304
4 Star Hotels+,2024-04,227640,140039,61.5,246.44,151.61,39,7309,42,7588
5 Star Hotels+,2014-03,225680,177628,78.7,768.02,604.49,23,6687,25,7280
5 Star Hotels+,2016-02,271908,166353,61.2,699.53,427.97,34,9489,35,9711
5 Star Hotels+,2019-06,390690,207123,53.0,571.11,302.77,47,12608,49,13023
5 Star Hotels+,2024-12,601710,445275,74.0,682.94,505.39,79,19340,80,19410
Deluxe Apartments+,2014-12,121086,106027,87.6,353.66,309.68,6,3826,7,3906
Deluxe Apartments+,2017-01,128278,103600,80.8,323.95,261.63,9,4138,9,4138
Deluxe Apartments+,2017-10,148304,100956,68.1,331.78,225.86,11,4784,11,4784
Deluxe Apartments+,2018-12,156891,109960,70.1,310.61,217.7,13,5061,13,5061
Deluxe Apartments+,2021-09,190200,119484,62.8,360.4,226.4,17,6340,17,6340
Deluxe Apartments+,2022-01,196540,104703,53.3,372.62,198.51,17,6340,17,6340
Deluxe Apartments+,2022-02,177520,91141,51.3,380.98,195.6,17,6340,17,6340
Deluxe Apartments+,2023-02,236376,125139,52.9,385.14,203.89,29,8442,29,8442
Deluxe Apartments+,2023-11,258660,190907,73.8,360.8,266.29,29,8510,30,8622
Deluxe Apartments+,2024-12,267096,227504,85.2,410.21,349.4,28,8462,30,8616
Qatar+,2016-03,628897,457721,72.8,556.37,404.94,86,19892,89,20287
Qatar+,2017-10,736777,413586,56.1,408.5,229.31,102,23372,105,23767
Qatar+,2019-02,711760,506048,71.1,373.22,265.35,113,25025,116,25420
Qatar+,2019-05,823143,443398,53.9,338.69,182.44,115,25749,120,26553
Qatar+,2020-02,760956,527595,69.3,374.44,259.61,123,26829,125,27177
Qatar+,2020-10,862358,499934,58.0,360.74,209.13,123,27349,127,27818
Qatar+,2021-02,806204,538621,66.8,347.9,232.43,129,28352,132,28793
Qatar+,2022-01,913632,524223,57.4,375.61,215.52,132,29124,134,29472
Qatar+,2022-07,929442,489824,52.7,449.97,237.14,137,29745,139,29982
Qatar+,2024-11,1201800,1001154,83.3,487.22,405.88,186,39267,197,40060
Standard Apartments+,2016-06,4980,2915,58.5,238.59,139.66,3,166,3,166
Standard Apartments+,2024-05,32612,17787,54.5,223.17,121.72,8,1052,8,1052
1 & 2 Star Hotels+,2014-06,13530,10535,77.9,255.16,198.67,5,371,7,451
1 & 2 Star Hotels+,2014-08,13981,9805,70.1,265.07,185.9,5,371,7,451
1 & 2 Star Hotels+,2015-05,14756,10453,70.8,278.1,197.01,7,451,8,476
1 & 2 Star Hotels+,2017-06,14430,5145,35.7,227.85,81.24,8,481,8,481
1 & 2 Star Hotels+,2017-10,16647,9575,57.5,183.6,105.6,9,537,9,537
1 & 2 Star Hotels+,2017-12,16647,11217,67.4,180.13,121.38,9,537,9,537
1 & 2 Star Hotels+,2018-02,15036,10399,69.2,176.8,122.28,9,537,9,537
1 & 2 Star Hotels+,2018-05,16647,11718,70.4,170.04,119.69,9,537,9,537
1 & 2 Star Hotels+,2018-11,16110,12584,78.1,176.04,137.51,9,537,9,537
1 & 2 Star Hotels+,2019-10,16678,14737,88.4,168.93,149.27,9,538,9,538
1 & 2 Star Hotels+,2019-11,16140,14052,87.1,166.35,144.83,9,538,9,538
1 & 2 Star Hotels+,2020-01,16585,14897,89.8,168.78,151.6,9,535,9,535
1 & 2 Star Hotels+,2020-10,13671,7954,58.2,145.66,84.75,8,441,8,441
1 & 2 Star Hotels+,2021-01,13671,10112,74.0,149.38,110.49,8,441,8,441
1 & 2 Star Hotels+,2021-12,13144,10321,78.5,218.07,171.23,7,424,7,424
1 & 2 Star Hotels+,2022-03,16616,15394,92.6,188.52,174.65,9,536,9,536
1 & 2 Star Hotels+,2022-07,16616,13881,83.5,176.97,147.84,9,536,9,536
1 & 2 Star Hotels+,2023-10,18166,17093,94.1,152.24,143.25,10,586,10,586
1 & 2 Star Hotels+,2023-12,18166,16263,89.5,161.89,144.93,10,586,10,586
1 & 2 Star Hotels+,2024-01,18166,18220,100.3,212.14,212.77,10,586,10,586
1 & 2 Star Hotels+,2024-11,17580,17939,102.0,203.34,207.49,9,536,10,586
3 Star Hotels+,2014-11,30390,26868,88.4,271.84,240.33,9,709,12,1013
3 Star Hotels+,2015-02,31108,23090,74.2,302.97,224.88,12,985,13,1111
3 Star Hotels+,2016-03,38564,25301,65.6,301.77,197.98,13,1118,14,1244
3 Star Hotels+,2016-07,36239,18572,51.2,270.66,138.71,12,1043,13,1169
3 Star Hotels+,2016-11,37320,23380,62.6,262.85,164.67,13,1118,14,1244
3 Star Hotels+,2017-09,48660,23271,47.8,181.07,86.59,16,1496,17,1622
3 Star Hotels+,2018-02,45360,28929,63.8,172.95,110.3,16,1494,17,1620
3 Star Hotels+,2022-05,49259,39055,79.3,200.29,158.8,15,1589,15,1589
3 Star Hotels+,2023-05,71610,57249,79.9,171.59,137.18,21,2232,23,2310
3 Star Hotels+,2024-05,78089,61792,79.1,167.75,132.74,22,2441,24,2519
3 Star Hotels+,2024-10,78089,64156,82.2,175.53,144.21,21,2370,24,2519
4 Star Hotels+,2014-02,129976,102350,78.7,398.46,313.76,22,4415,23,4642
4 Star Hotels+,2014-03,143902,110415,76.7,412.53,316.54,22,4415,23,4642
4 Star Hotels+,2015-08,146878,90134,61.4,376.34,230.95,24,4738,24,4738
4 Star Hotels+,2015-11,147360,96789,65.7,384.97,252.86,25,4912,25,4912
4 Star Hotels+,2016-07,153605,77987,50.8,331.93,168.52,25,4955,25,4955
4 Star Hotels+,2016-10,153605,85315,55.5,328.7,182.57,25,4955,25,4955
4 Star Hotels+,2016-12,153605,91251,59.4,317.5,188.61,25,4955,25,4955
4 Star Hotels+,2019-12,176886,133881,75.7,233.17,176.48,29,5706,29,5706
4 Star Hotels+,2023-09,223110,125482,56.2,206.84,116.33,38,7133,40,7437
4 Star Hotels+,2024-01,235228,204576,87.0,318.18,276.72,40,7428,42,7588
4 Star Hotels+,2024-06,227640,138910,61.0,213.09,130.03,39,7309,42,7588
4 Star Hotels+,2024-09,227640,145492,63.9,206.5,131.98,39,7309,42,7588
4 Star Hotels+,2024-11,233760,189797,81.2,267.85,217.47,40,7513,43,7792
4 Star Hotels+,2025-02,229264,188722,82.3,288.12,237.17,42,7909,45,8188
5 Star Hotels+,2014-06,207270,146823,70.8,727.16,515.1,23,6687,24,6909
5 Star Hotels+,2014-12,230826,162144,70.2,784.2,550.86,24,7060,26,7446
5 Star Hotels+,2017-01,312542,197698,63.3,629.86,398.42,36,9860,37,10082
5 Star Hotels+,2017-12,334893,177646,53.0,579.89,307.6,39,10581,40,10803
5 Star Hotels+,2019-08,396521,199165,50.2,560.37,281.46,46,12376,48,12791
5 Star Hotels+,2020-03,406751,201807,49.6,482.56,239.42,50,12899,51,13121
5 Star Hotels+,2020-10,414036,224758,54.3,508.88,276.24,51,13134,52,13356
5 Star Hotels+,2021-01,414036,236764,57.2,434.73,248.6,51,13134,52,13356
5 Star Hotels+,2021-04,413610,258238,62.4,446.28,278.64,53,13565,54,13787
5 Star Hotels+,2022-09,458790,246686,53.8,564.3,303.42,58,15071,59,15293
5 Star Hotels+,2022-12,553629,314178,56.7,3081.65,1748.8,71,17637,72,17859
5 Star Hotels+,2024-11,582300,468276,80.4,666.8,536.23,79,19340,80,19410
5 Star Hotels+,2025-01,602082,448173,74.4,638.83,475.53,79,19352,80,19422
Deluxe Apartments+,2014-01,120807,103505,85.7,344.73,295.36,6,3817,7,3897
Deluxe Apartments+,2014-06,116910,102538,87.7,331.93,291.12,6,3817,7,3897
Deluxe Apartments+,2015-08,121024,92388,76.3,357.1,272.6,7,3904,7,3904
Deluxe Apartments+,2015-09,117120,92761,79.2,368.34,291.73,7,3904,7,3904
Deluxe Apartments+,2016-05,123690,89931,72.7,343.8,249.96,7,3990,7,3990
Deluxe Apartments+,2017-03,136028,101439,74.6,353.28,263.45,10,4388,10,4388
Deluxe Apartments+,2017-07,148304,90762,61.2,346.32,211.95,11,4784,11,4784
Deluxe Apartments+,2017-09,143520,92789,64.7,349.42,225.91,11,4784,11,4784
Deluxe Apartments+,2017-11,143520,98557,68.7,335.59,230.46,11,4784,11,4784
Deluxe Apartments+,2018-08,148459,103752,69.9,303.34,211.99,11,4789,11,4789
Deluxe Apartments+,2019-09,145830,104058,71.4,306.78,218.91,12,4861,12,4861
Deluxe Apartments+,2023-05,261702,147573,56.4,326.85,184.31,27,8250,29,8442
Deluxe Apartments+,2024-05,267282,192968,72.2,335.39,242.14,29,8510,30,8622
Deluxe Apartments+,2025-01,267096,229834,86.0,410.64,353.35,28,8462,30,8616
Qatar+,2014-01,530534,405887,76.5,529.96,405.45,64,16299,72,17114
Qatar+,2014-02,479192,368458,76.9,523.31,402.38,66,16379,72,17114
Qatar+,2016-01,617706,438072,70.9,516.67,366.42,84,19479,88,19926
Qatar+,2017-02,613816,413014,67.3,462.83,311.42,94,21527,97,21922
Qatar+,2017-04,664890,466097,70.1,502.92,352.55,95,21768,98,22163
Qatar+,2017-07,711450,351767,49.4,475.74,235.23,99,22602,101,22950
Qatar+,2017-08,711450,359227,50.5,447.56,225.98,99,22602,101,22950
Qatar+,2018-02,673820,427241,63.4,394.15,249.91,105,23670,108,24065
Qatar+,2018-08,766785,429722,56.0,395.38,221.58,107,24192,110,24735
Qatar+,2018-09,752250,442826,58.9,359.93,211.88,110,24532,113,25075
Qatar+,2019-06,799050,471115,59.0,391.19,230.64,115,25831,120,26635
Qatar+,2019-11,788370,566437,71.8,368.24,264.57,118,25931,120,26279
Qatar+,2021-06,881520,588612,66.8,390.11,260.49,133,28943,136,29384
Qatar+,2021-09,877740,641608,73.1,376.04,274.88,132,28817,135,29258
Qatar+,2023-10,1203699,787389,65.4,414.54,271.17,183,38263,189,38829
Qatar+,2024-06,1186470,708348,59.7,408.88,244.11,187,38919,195,39549
Qatar+,2024-09,1192710,756035,63.4,379.59,240.61,182,38738,195,39757
Standard Apartments+,2014-01,5146,3982,77.4,269.78,208.76,3,166,3,166
Standard Apartments+,2014-05,5146,3567,69.3,247.79,171.76,3,166,3,166
Standard Apartments+,2015-02,4648,3846,82.7,263.83,218.31,3,166,3,166
Standard Apartments+,2016-01,5146,3608,70.1,267.16,187.31,3,166,3,166
Standard Apartments+,2017-08,26567,13652,51.4,288.78,148.4,5,857,5,857
Standard Apartments+,2017-09,25710,15088,58.7,287.11,168.49,5,857,5,857
Standard Apartments+,2018-07,26567,17295,65.1,270.38,176.02,5,857,5,857
Standard Apartments+,2020-03,30597,21546,70.4,264.18,186.03,6,987,6,987
Standard Apartments+,2021-03,31527,26039,82.6,226.29,186.9,7,1017,7,1017
Standard Apartments+,2022-04,31560,16538,52.4,258.23,135.32,8,1052,8,1052
Standard Apartments+,2023-01,32612,14138,43.4,231.46,100.34,8,1052,8,1052
Standard Apartments+,2023-03,32612,17266,52.9,228.65,121.05,8,1052,8,1052
Standard Apartments+,2024-04,31560,17020,53.9,268.2,144.64,8,1052,8,1052
Standard Apartments+,2024-10,32612,21571,66.1,227.41,150.42,7,961,8,1052
1 & 2 Star Hotels+,2014-09,13530,10830,80.0,266.44,213.27,5,371,7,451
1 & 2 Star Hotels+,2014-10,13981,11699,83.7,281.59,235.63,5,371,7,451
1 & 2 Star Hotels+,2015-01,13981,12827,91.7,294.15,269.86,6,379,7,451
1 & 2 Star Hotels+,2016-03,14756,10457,70.9,292.25,207.11,8,476,8,476
1 & 2 Star Hotels+,2016-12,14911,9792,65.7,243.18,159.7,8,481,8,481
1 & 2 Star Hotels+,2017-08,16647,8144,48.9,188.92,92.42,9,537,9,537
1 & 2 Star Hotels+,2017-09,16110,7978,49.5,189.26,93.72,9,537,9,537
1 & 2 Star Hotels+,2017-11,16110,10466,65.0,182.26,118.4,9,537,9,537
1 & 2 Star Hotels+,2019-01,16647,13171,79.1,172.59,136.55,9,537,9,537
1 & 2 Star Hotels+,2019-05,16678,11756,70.5,165.7,116.8,9,538,9,538
1 & 2 Star Hotels+,2022-12,16616,14579,87.7,423.84,371.88,9,536,9,536
1 & 2 Star Hotels+,2023-08,18166,15860,87.3,148.03,129.24,10,586,10,586
1 & 2 Star Hotels+,2024-05,18166,15845,87.2,148.26,129.32,10,586,10,586
3 Star Hotels+,2014-05,28861,19779,68.5,266.69,182.77,10,805,11,931
3 Star Hotels+,2015-04,33330,21988,66.0,289.8,191.18,12,985,13,1111
3 Star Hotels+,2015-05,38626,24006,62.1,291.62,181.24,13,1120,14,1246
3 Star Hotels+,2015-11,37320,22711,60.9,277.51,168.88,13,1118,14,1244
3 Star Hotels+,2017-01,38285,25713,67.2,265.32,178.19,13,1109,14,1235
3 Star Hotels+,2017-06,48660,18006,37.0,204.12,75.53,16,1496,17,1622
3 Star Hotels+,2018-10,49476,36973,74.7,170.36,127.31,16,1470,17,1596
3 Star Hotels+,2021-04,54420,44177,81.2,183.46,148.93,16,1595,18,1814
3 Star Hotels+,2021-10,45167,38694,85.7,214.84,184.05,13,1331,14,1457
3 Star Hotels+,2022-02,44492,40281,90.5,227.95,206.38,14,1463,15,1589
3 Star Hotels+,2022-12,67518,50927,75.4,778.96,587.54,20,2163,21,2178
3 Star Hotels+,2023-03,69657,52701,75.7,190.73,144.3,21,2232,22,2247
3 Star Hotels+,2023-07,71610,53469,74.7,166.1,124.02,21,2232,23,2310
3 Star Hotels+,2023-09,69300,56240,81.2,164.85,133.78,21,2232,23,2310
3 Star Hotels+,2024-03,72354,49012,67.7,181.08,122.66,21,2256,23,2334
3 Star Hotels+,2025-03,78430,48999,62.5,175.08,109.38,22,2396,24,2530
4 Star Hotels+,2014-10,143871,114681,79.7,404.83,322.7,22,4414,23,4641
4 Star Hotels+,2016-06,148680,67870,45.6,325.11,148.41,25,4956,25,4956
4 Star Hotels+,2018-09,169650,97553,57.5,230.2,132.37,29,5655,29,5655
4 Star Hotels+,2020-02,163044,111023,68.1,225.3,153.41,30,5823,30,5823
4 Star Hotels+,2020-05,176204,89274,50.7,215.77,109.32,28,5573,29,5684
4 Star Hotels+,2022-03,181877,120961,66.5,248.85,165.5,31,5867,31,5867
4 Star Hotels+,2024-05,235228,153278,65.2,211.76,137.99,39,7309,42,7588
4 Star Hotels+,2025-01,253673,203317,80.1,276.7,221.77,42,7904,45,8183
5 Star Hotels+,2014-02,203840,148064,72.6,760.91,552.71,24,7058,25,7280
5 Star Hotels+,2014-05,214179,157082,73.3,753.67,552.75,23,6687,24,6909
5 Star Hotels+,2016-12,312201,189125,60.6,630.11,381.71,36,9849,37,10071
5 Star Hotels+,2017-08,320540,151620,47.3,663.07,313.64,37,10118,38,10340
5 Star Hotels+,2018-02,302484,185075,61.2,555.54,339.91,39,10581,40,10803
5 Star Hotels+,2018-03,346177,225155,65.0,576.96,375.26,39,10693,41,11167
5 Star Hotels+,2020-01,399559,246203,61.6,509.41,313.89,49,12667,50,12889
5 Star Hotels+,2020-07,414036,190200,45.9,563.82,259.01,50,12966,52,13356
5 Star Hotels+,2021-02,384076,257930,67.2,450.75,302.71,52,13495,53,13717
5 Star Hotels+,2023-02,509656,292050,57.3,586.9,336.31,74,18202,74,18202
5 Star Hotels+,2023-06,554310,270430,48.8,597.5,291.5,75,18477,75,18477
5 Star Hotels+,2025-02,553280,434310,78.5,671.0,526.72,80,19690,81,19760
Deluxe Apartments+,2014-03,120807,102051,84.5,342.78,289.56,6,3817,7,3897
Deluxe Apartments+,2015-02,109312,94559,86.5,367.35,317.77,7,3904,7,3904
Deluxe Apartments+,2015-03,121024,107241,88.6,379.64,336.4,7,3904,7,3904
Deluxe Apartments+,2015-05,121024,103311,85.4,351.71,300.23,7,3904,7,3904
Deluxe Apartments+,2015-11,119700,98141,82.0,355.82,291.73,7,3990,7,3990
Deluxe Apartments+,2016-03,123690,98220,79.4,372.03,295.42,7,3990,7,3990
Deluxe Apartments+,2018-02,134092,92773,69.2,336.81,233.03,11,4789,11,4789
Deluxe Apartments+,2019-03,150691,118076,78.4,305.11,239.08,12,4861,12,4861
Deluxe Apartments+,2019-06,145830,96344,66.1,309.17,204.26,12,4861,12,4861
Deluxe Apartments+,2020-05,165137,90856,55.0,315.45,173.56,14,5327,14,5327
Deluxe Apartments+,2021-04,179940,111842,62.2,363.83,226.14,16,5998,16,5998
Deluxe Apartments+,2022-06,193680,93427,48.2,390.12,188.19,17,6456,17,6456
Deluxe Apartments+,2022-12,262477,158807,60.5,1655.47,1001.61,28,8438,29,8467
Deluxe Apartments+,2023-08,267282,163235,61.1,308.64,188.5,29,8510,30,8622
Deluxe Apartments+,2023-10,267282,179779,67.3,338.11,227.42,29,8510,30,8622
Deluxe Apartments+,2024-10,267282,208310,77.9,341.96,266.51,28,8468,30,8622
Qatar+,2014-06,502290,381004,75.9,492.91,373.88,65,16008,71,16743
Qatar+,2015-06,555780,347223,62.5,490.98,306.74,79,18131,82,18526
Qatar+,2015-12,604500,396854,65.6,507.5,333.17,83,19105,86,19500
Qatar+,2017-01,667802,443949,66.5,457.64,304.24,92,21147,95,21542
Qatar+,2017-12,740032,426182,57.6,400.48,230.64,103,23477,106,23872
Qatar+,2018-03,757299,505028,66.7,402.01,268.09,105,23782,109,24429
Qatar+,2018-04,732870,471649,64.4,412.73,265.62,106,24034,109,24429
Qatar+,2019-01,784331,517438,66.0,361.05,238.19,112,24906,115,25301
Qatar+,2020-09,827340,473521,57.2,358.44,205.15,121,26998,126,27578
Qatar+,2022-10,994697,547780,55.1,456.61,251.45,145,31850,147,32087
Qatar+,2022-12,1162345,694386,59.7,2103.59,1256.69,174,36565,179,37495
Qatar+,2023-04,1136400,533198,46.9,443.9,208.28,178,37457,182,37880
Qatar+,2023-12,1205063,868995,72.1,425.52,306.85,186,38453,192,38873
Qatar+,2024-07,1226019,718798,58.6,377.64,221.4,185,38785,195,39549
Qatar+,2024-10,1240093,865744,69.8,415.22,289.88,186,39210,197,40003
Qatar+,2025-01,1254167,993515,79.2,470.95,373.07,187,39639,199,40457
Standard Apartments+,2014-04,4980,3650,73.3,267.98,196.41,3,166,3,166
Standard Apartments+,2015-05,5146,3664,71.2,246.31,175.38,3,166,3,166
Standard Apartments+,2015-06,4980,3164,63.5,237.65,150.99,3,166,3,166
Standard Apartments+,2015-11,4980,3561,71.5,254.34,181.87,3,166,3,166
Standard Apartments+,2015-12,5146,3456,67.2,261.34,175.51,3,166,3,166
Standard Apartments+,2016-09,4980,2645,53.1,238.06,126.44,3,166,3,166
Standard Apartments+,2018-09,25710,17722,68.9,272.15,187.59,5,857,5,857
Standard Apartments+,2018-12,26567,17985,67.7,269.29,182.3,5,857,5,857
Standard Apartments+,2019-04,29610,23208,78.4,268.35,210.33,6,987,6,987
Standard Apartments+,2020-10,30225,20194,66.8,223.49,149.32,5,947,6,975
Standard Apartments+,2021-02,28476,22265,78.2,224.94,175.88,7,1017,7,1017
Standard Apartments+,2021-12,29884,21953,73.5,288.73,212.1,7,964,7,964
Standard Apartments+,2023-10,32612,22424,68.8,219.23,150.74,8,1052,8,1052
Standard Apartments+,2024-06,31560,16424,52.0,228.88,119.11,7,961,8,1052
Standard Apartments+,2025-01,32612,25215,77.3,266.79,206.28,7,961,8,1052
Standard Apartments+,2025-03,32612,22300,68.4,214.45,146.64,7,961,8,1052
Standard Apartments+,2015-08,5146,3047,59.2,243.92,144.43,3,166,3,166
Standard Apartments+,2016-12,26567,4520,17.0,266.67,45.37,5,857,5,857
Standard Apartments+,2020-01,30597,22162,72.4,267.43,193.7,6,987,6,987
Standard Apartments+,2020-04,29610,18883,63.8,252.12,160.78,6,987,6,987
Standard Apartments+,2023-09,31560,20153,63.9,211.06,134.77,8,1052,8,1052
Standard Apartments+,2024-11,31560,25592,81.1,275.92,223.74,7,961,8,1052
1 & 2 Star Hotels+,2014-04,13530,10851,80.2,252.77,202.71,5,371,7,451
1 & 2 Star Hotels+,2017-02,13468,10080,74.8,243.84,182.5,8,481,8,481
1 & 2 Star Hotels+,2018-01,16647,11016,66.2,179.48,118.77,9,537,9,537
1 & 2 Star Hotels+,2018-03,16647,12608,75.7,177.28,134.27,9,537,9,537
1 & 2 Star Hotels+,2018-09,16110,11474,71.2,167.35,119.19,9,537,9,537
1 & 2 Star Hotels+,2018-12,16647,14093,84.7,174.26,147.53,9,537,9,537
1 & 2 Star Hotels+,2019-02,15036,13016,86.6,171.08,148.09,9,537,9,537
1 & 2 Star Hotels+,2020-02,14980,13760,91.9,167.44,153.8,9,535,9,535
1 & 2 Star Hotels+,2020-07,12276,7306,59.5,150.66,89.66,6,285,7,396
1 & 2 Star Hotels+,2020-08,13671,7869,57.6,142.68,82.12,6,274,8,441
1 & 2 Star Hotels+,2020-11,13230,8893,67.2,149.06,100.2,8,441,8,441
1 & 2 Star Hotels+,2020-12,13671,9728,71.2,153.96,109.55,8,441,8,441
1 & 2 Star Hotels+,2025-02,17668,18171,102.8,212.56,218.61,9,536,11,631
3 Star Hotels+,2014-03,28861,20817,72.1,302.57,218.25,10,805,11,931
3 Star Hotels+,2014-12,31403,24655,78.5,291.73,229.05,10,791,12,1013
3 Star Hotels+,2018-08,50220,33207,66.1,167.83,110.98,16,1494,17,1620
3 Star Hotels+,2018-09,48600,33485,68.9,166.74,114.88,16,1494,17,1620
3 Star Hotels+,2022-07,49848,40159,80.6,191.07,153.93,15,1593,16,1608
3 Star Hotels+,2023-06,69300,54198,78.2,173.55,135.73,21,2232,23,2310
3 Star Hotels+,2023-10,72354,61751,85.3,173.0,147.65,21,2256,23,2334
3 Star Hotels+,2024-11,75900,69815,92.0,242.86,223.39,21,2381,24,2530
4 Star Hotels+,2015-01,143871,125152,87.0,427.21,371.63,23,4641,23,4641
4 Star Hotels+,2015-05,143871,105807,73.5,391.16,287.67,23,4641,23,4641
4 Star Hotels+,2018-06,169950,87431,51.4,233.29,120.02,29,5665,29,5665
4 Star Hotels+,2019-09,171180,121756,71.1,226.24,160.92,29,5706,29,5706
4 Star Hotels+,2020-11,174960,127193,72.7,208.17,151.33,30,5832,30,5832
4 Star Hotels+,2021-03,177506,123888,69.8,231.2,161.36,30,5726,30,5726
4 Star Hotels+,2022-10,184016,98372,53.5,299.5,160.11,31,5936,31,5936
4 Star Hotels+,2023-07,230516,113926,49.4,211.06,104.31,38,7130,40,7436
5 Star Hotels+,2016-09,296460,167911,56.6,680.26,385.29,35,9660,36,9882
5 Star Hotels+,2017-10,334893,174052,52.0,584.05,303.54,39,10581,40,10803
5 Star Hotels+,2018-05,352222,170775,48.5,548.53,265.96,40,10945,42,11362
Deluxe Apartments+,2016-09,119700,88330,73.8,325.26,240.02,7,3990,7,3990
Deluxe Apartments+,2020-12,172577,84719,49.1,324.85,159.47,15,5567,15,5567
Deluxe Apartments+,2022-11,253140,147138,58.1,1552.05,902.13,28,8438,28,8438
Qatar+,2016-06,607920,289334,47.6,439.01,208.94,85,19869,88,20264
Qatar+,2016-07,625146,334228,53.5,498.7,266.62,84,19818,86,20166
Qatar+,2016-10,636988,397346,62.4,480.81,299.93,87,20153,90,20548
Qatar+,2018-01,745922,447242,60.0,388.84,233.14,105,23667,108,24062
Qatar+,2019-07,816850,493092,60.4,373.98,225.75,114,25593,118,26350
Qatar+,2020-12,862420,542664,62.9,353.11,222.19,123,27351,127,27820
Qatar+,2023-11,1166190,827444,71.0,404.84,287.24,186,38453,192,38873
Standard Apartments+,2015-10,5146,3414,66.3,246.94,163.83,3,166,3,166
Standard Apartments+,2017-02,23996,7927,33.0,308.81,102.01,5,857,5,857
Standard Apartments+,2019-12,30597,22182,72.5,281.33,203.96,6,987,6,987
Standard Apartments+,2022-03,32612,19759,60.6,274.45,166.29,8,1052,8,1052
Standard Apartments+,2022-09,31560,18525,58.7,266.56,156.47,8,1052,8,1052
