month,year,segment,segment_type,room_nights_available,room_nights_sold,occupancy_pct,avg_daily_rate_qar,revpar_qar,properties_counted,rooms_counted
2014-01-01,2014,1 & 2 Star Hotels,Hotel segment,13981,11817,84.5,277.05,234.17,7,451
2014-02-01,2014,1 & 2 Star Hotels,Hotel segment,12628,10271,81.3,258.58,210.32,7,451
2014-03-01,2014,1 & 2 Star Hotels,Hotel segment,13981,11922,85.3,257.05,219.19,7,451
2014-04-01,2014,1 & 2 Star Hotels,Hotel segment,13530,10851,80.2,252.77,202.71,7,451
2014-05-01,2014,1 & 2 Star Hotels,Hotel segment,13981,11036,78.9,253.29,199.93,7,451
2014-06-01,2014,1 & 2 Star Hotels,Hotel segment,13530,10535,77.9,255.16,198.67,7,451
2014-07-01,2014,1 & 2 Star Hotels,Hotel segment,13981,10097,72.2,254.17,183.56,7,451
2014-08-01,2014,1 & 2 Star Hotels,Hotel segment,13981,9805,70.1,265.07,185.9,7,451
2014-09-01,2014,1 & 2 Star Hotels,Hotel segment,13530,10830,80.0,266.44,213.27,7,451
2014-10-01,2014,1 & 2 Star Hotels,Hotel segment,13981,11699,83.7,281.59,235.63,7,451
2014-11-01,2014,1 & 2 Star Hotels,Hotel segment,13530,12134,89.7,278.13,249.44,7,451
2014-12-01,2014,1 & 2 Star Hotels,Hotel segment,13981,12587,90.0,286.11,257.57,7,451
2015-01-01,2015,1 & 2 Star Hotels,Hotel segment,13981,12827,91.7,294.15,269.86,7,451
2015-02-01,2015,1 & 2 Star Hotels,Hotel segment,12628,11215,88.8,285.36,253.44,7,451
2015-03-01,2015,1 & 2 Star Hotels,Hotel segment,13981,12102,86.6,293.98,254.47,7,451
2015-04-01,2015,1 & 2 Star Hotels,Hotel segment,13530,8657,64.0,278.79,178.38,7,451
2015-05-01,2015,1 & 2 Star Hotels,Hotel segment,14756,10453,70.8,278.1,197.01,8,476
2015-06-01,2015,1 & 2 Star Hotels,Hotel segment,14280,9787,68.5,276.35,189.4,8,476
2015-07-01,2015,1 & 2 Star Hotels,Hotel segment,14756,8554,58.0,276.29,160.17,8,476
2015-08-01,2015,1 & 2 Star Hotels,Hotel segment,14756,8285,56.1,278.09,156.14,8,476
2015-09-01,2015,1 & 2 Star Hotels,Hotel segment,14280,9302,65.1,290.67,189.34,8,476
2015-10-01,2015,1 & 2 Star Hotels,Hotel segment,14756,9503,64.4,271.21,174.66,8,476
2015-11-01,2015,1 & 2 Star Hotels,Hotel segment,14280,9534,66.8,274.96,183.57,8,476
2015-12-01,2015,1 & 2 Star Hotels,Hotel segment,14756,10133,68.7,281.01,192.97,8,476
2016-01-01,2016,1 & 2 Star Hotels,Hotel segment,14756,10502,71.2,290.26,206.58,8,476
2016-02-01,2016,1 & 2 Star Hotels,Hotel segment,13328,8823,66.2,267.27,176.93,8,476
2016-03-01,2016,1 & 2 Star Hotels,Hotel segment,14756,10457,70.9,292.25,207.11,8,476
2016-04-01,2016,1 & 2 Star Hotels,Hotel segment,14280,8750,61.3,266.47,163.28,8,476
2016-05-01,2016,1 & 2 Star Hotels,Hotel segment,14756,8301,56.3,261.8,147.28,8,476
2016-06-01,2016,1 & 2 Star Hotels,Hotel segment,14280,6239,43.7,282.86,123.58,8,476
2016-07-01,2016,1 & 2 Star Hotels,Hotel segment,13206,5544,42.0,266.47,111.87,7,426
2016-08-01,2016,1 & 2 Star Hotels,Hotel segment,13206,6138,46.5,262.85,122.17,7,426
2016-09-01,2016,1 & 2 Star Hotels,Hotel segment,12780,6885,53.9,256.35,138.1,7,426
2016-10-01,2016,1 & 2 Star Hotels,Hotel segment,13206,8074,61.1,240.1,146.8,7,426
2016-11-01,2016,1 & 2 Star Hotels,Hotel segment,12780,9193,71.9,247.44,177.99,7,426
2016-12-01,2016,1 & 2 Star Hotels,Hotel segment,14911,9792,65.7,243.18,159.7,8,481
2017-01-01,2017,1 & 2 Star Hotels,Hotel segment,14911,10608,71.1,253.56,180.38,8,481
2017-02-01,2017,1 & 2 Star Hotels,Hotel segment,13468,10080,74.8,243.84,182.5,8,481
2017-03-01,2017,1 & 2 Star Hotels,Hotel segment,14911,10994,73.7,239.51,176.59,8,481
2017-04-01,2017,1 & 2 Star Hotels,Hotel segment,14430,11036,76.5,246.17,188.27,8,481
2017-05-01,2017,1 & 2 Star Hotels,Hotel segment,14911,9221,61.8,233.35,144.3,8,481
2017-06-01,2017,1 & 2 Star Hotels,Hotel segment,14430,5145,35.7,227.85,81.24,8,481
2017-07-01,2017,1 & 2 Star Hotels,Hotel segment,16647,6362,38.2,212.97,81.39,9,537
2017-08-01,2017,1 & 2 Star Hotels,Hotel segment,16647,8144,48.9,188.92,92.42,9,537
2017-09-01,2017,1 & 2 Star Hotels,Hotel segment,16110,7978,49.5,189.26,93.72,9,537
2017-10-01,2017,1 & 2 Star Hotels,Hotel segment,16647,9575,57.5,183.6,105.6,9,537
2017-11-01,2017,1 & 2 Star Hotels,Hotel segment,16110,10466,65.0,182.26,118.4,9,537
2017-12-01,2017,1 & 2 Star Hotels,Hotel segment,16647,11217,67.4,180.13,121.38,9,537
2018-01-01,2018,1 & 2 Star Hotels,Hotel segment,16647,11016,66.2,179.48,118.77,9,537
2018-02-01,2018,1 & 2 Star Hotels,Hotel segment,15036,10399,69.2,176.8,122.28,9,537
2018-03-01,2018,1 & 2 Star Hotels,Hotel segment,16647,12608,75.7,177.28,134.27,9,537
2018-04-01,2018,1 & 2 Star Hotels,Hotel segment,16110,11613,72.1,175.59,126.58,9,537
2018-05-01,2018,1 & 2 Star Hotels,Hotel segment,16647,11718,70.4,170.04,119.69,9,537
2018-06-01,2018,1 & 2 Star Hotels,Hotel segment,16110,10304,64.0,172.85,110.56,9,537
2018-07-01,2018,1 & 2 Star Hotels,Hotel segment,16647,11221,67.4,173.86,117.19,9,537
2018-08-01,2018,1 & 2 Star Hotels,Hotel segment,16647,10678,64.1,171.97,110.31,9,537
2018-09-01,2018,1 & 2 Star Hotels,Hotel segment,16110,11474,71.2,167.35,119.19,9,537
2018-10-01,2018,1 & 2 Star Hotels,Hotel segment,16647,13014,78.2,173.2,135.4,9,537
2018-11-01,2018,1 & 2 Star Hotels,Hotel segment,16110,12584,78.1,176.04,137.51,9,537
2018-12-01,2018,1 & 2 Star Hotels,Hotel segment,16647,14093,84.7,174.26,147.53,9,537
2019-01-01,2019,1 & 2 Star Hotels,Hotel segment,16647,13171,79.1,172.59,136.55,9,537
2019-02-01,2019,1 & 2 Star Hotels,Hotel segment,15036,13016,86.6,171.08,148.09,9,537
2019-03-01,2019,1 & 2 Star Hotels,Hotel segment,16647,14541,87.3,171.4,149.71,9,537
2019-04-01,2019,1 & 2 Star Hotels,Hotel segment,16140,13867,85.9,170.89,146.83,9,538
2019-05-01,2019,1 & 2 Star Hotels,Hotel segment,16678,11756,70.5,165.7,116.8,9,538
2019-06-01,2019,1 & 2 Star Hotels,Hotel segment,16140,12706,78.7,169.85,133.71,9,538
2019-07-01,2019,1 & 2 Star Hotels,Hotel segment,16678,13381,80.2,164.8,132.22,9,538
2019-08-01,2019,1 & 2 Star Hotels,Hotel segment,16678,12835,77.0,163.08,125.5,9,538
2019-09-01,2019,1 & 2 Star Hotels,Hotel segment,16140,14088,87.3,163.86,143.03,9,538
2019-10-01,2019,1 & 2 Star Hotels,Hotel segment,16678,14737,88.4,168.93,149.27,9,538
2019-11-01,2019,1 & 2 Star Hotels,Hotel segment,16140,14052,87.1,166.35,144.83,9,538
2019-12-01,2019,1 & 2 Star Hotels,Hotel segment,16585,15685,94.6,178.43,168.75,9,535
2020-01-01,2020,1 & 2 Star Hotels,Hotel segment,16585,14897,89.8,168.78,151.6,9,535
2020-02-01,2020,1 & 2 Star Hotels,Hotel segment,14980,13760,91.9,167.44,153.8,9,535
2020-03-01,2020,1 & 2 Star Hotels,Hotel segment,16585,9864,59.5,167.01,99.33,9,535
2020-04-01,2020,1 & 2 Star Hotels,Hotel segment,11880,4568,38.5,156.08,60.02,7,396
2020-05-01,2020,1 & 2 Star Hotels,Hotel segment,12276,5529,45.0,143.4,64.58,7,396
2020-06-01,2020,1 & 2 Star Hotels,Hotel segment,11880,6925,58.3,138.12,80.51,7,396
2020-07-01,2020,1 & 2 Star Hotels,Hotel segment,12276,7306,59.5,150.66,89.66,7,396
2020-08-01,2020,1 & 2 Star Hotels,Hotel segment,13671,7869,57.6,142.68,82.12,8,441
2020-09-01,2020,1 & 2 Star Hotels,Hotel segment,13230,7852,59.4,139.56,82.83,8,441
2020-10-01,2020,1 & 2 Star Hotels,Hotel segment,13671,7954,58.2,145.66,84.75,8,441
2020-11-01,2020,1 & 2 Star Hotels,Hotel segment,13230,8893,67.2,149.06,100.2,8,441
2020-12-01,2020,1 & 2 Star Hotels,Hotel segment,13671,9728,71.2,153.96,109.55,8,441
2021-01-01,2021,1 & 2 Star Hotels,Hotel segment,13671,10112,74.0,149.38,110.49,8,441
2021-02-01,2021,1 & 2 Star Hotels,Hotel segment,12348,9877,80.0,152.54,122.01,8,441
2021-03-01,2021,1 & 2 Star Hotels,Hotel segment,13671,10588,77.4,155.8,120.66,8,441
2021-04-01,2021,1 & 2 Star Hotels,Hotel segment,13320,9487,71.2,152.77,108.81,8,444
2021-05-01,2021,1 & 2 Star Hotels,Hotel segment,13764,8825,64.1,160.2,102.72,8,444
2021-06-01,2021,1 & 2 Star Hotels,Hotel segment,13320,10041,75.4,155.98,117.58,8,444
2021-07-01,2021,1 & 2 Star Hotels,Hotel segment,13764,11461,83.3,166.27,138.45,8,444
2021-08-01,2021,1 & 2 Star Hotels,Hotel segment,13764,12646,91.9,175.73,161.46,8,444
2021-09-01,2021,1 & 2 Star Hotels,Hotel segment,13320,12320,92.5,184.38,170.53,8,444
2021-10-01,2021,1 & 2 Star Hotels,Hotel segment,13764,13455,97.8,190.91,186.63,8,444
2021-11-01,2021,1 & 2 Star Hotels,Hotel segment,13320,11545,86.7,198.34,171.91,8,444
2021-12-01,2021,1 & 2 Star Hotels,Hotel segment,13144,10321,78.5,218.07,171.23,7,424
2022-01-01,2022,1 & 2 Star Hotels,Hotel segment,13144,12888,98.1,197.39,193.55,7,424
2022-02-01,2022,1 & 2 Star Hotels,Hotel segment,11872,11741,98.9,193.89,191.75,7,424
2022-03-01,2022,1 & 2 Star Hotels,Hotel segment,16616,15394,92.6,188.52,174.65,9,536
2022-04-01,2022,1 & 2 Star Hotels,Hotel segment,16080,11742,73.0,173.23,126.49,9,536
2022-05-01,2022,1 & 2 Star Hotels,Hotel segment,16616,14819,89.2,181.72,162.06,9,536
2022-06-01,2022,1 & 2 Star Hotels,Hotel segment,16080,14501,90.2,180.32,162.62,9,536
2022-07-01,2022,1 & 2 Star Hotels,Hotel segment,16616,13881,83.5,176.97,147.84,9,536
2022-08-01,2022,1 & 2 Star Hotels,Hotel segment,16616,14539,87.5,174.84,152.98,9,536
2022-09-01,2022,1 & 2 Star Hotels,Hotel segment,16080,14394,89.5,178.44,159.73,9,536
2022-10-01,2022,1 & 2 Star Hotels,Hotel segment,16616,13964,84.0,171.02,143.73,9,536
2022-11-01,2022,1 & 2 Star Hotels,Hotel segment,16080,13366,83.1,384.37,319.49,9,536
2022-12-01,2022,1 & 2 Star Hotels,Hotel segment,16616,14579,87.7,423.84,371.88,9,536
2023-01-01,2023,1 & 2 Star Hotels,Hotel segment,16616,12787,77.0,166.91,128.45,9,536
2023-02-01,2023,1 & 2 Star Hotels,Hotel segment,16408,13387,81.6,169.16,138.01,10,586
2023-03-01,2023,1 & 2 Star Hotels,Hotel segment,18166,15735,86.6,164.08,142.12,10,586
2023-04-01,2023,1 & 2 Star Hotels,Hotel segment,17580,14600,83.0,158.33,131.49,10,586
2023-05-01,2023,1 & 2 Star Hotels,Hotel segment,18166,16065,88.4,156.63,138.52,10,586
2023-06-01,2023,1 & 2 Star Hotels,Hotel segment,17580,15093,85.9,158.38,135.97,10,586
2023-07-01,2023,1 & 2 Star Hotels,Hotel segment,18166,15482,85.2,150.03,127.87,10,586
2023-08-01,2023,1 & 2 Star Hotels,Hotel segment,18166,15860,87.3,148.03,129.24,10,586
2023-09-01,2023,1 & 2 Star Hotels,Hotel segment,17580,16476,93.7,148.72,139.38,10,586
2023-10-01,2023,1 & 2 Star Hotels,Hotel segment,18166,17093,94.1,152.24,143.25,10,586
2023-11-01,2023,1 & 2 Star Hotels,Hotel segment,17580,16366,93.1,162.35,151.14,10,586
2023-12-01,2023,1 & 2 Star Hotels,Hotel segment,18166,16263,89.5,161.89,144.93,10,586
2024-01-01,2024,1 & 2 Star Hotels,Hotel segment,18166,18220,100.3,212.14,212.77,10,586
2024-02-01,2024,1 & 2 Star Hotels,Hotel segment,16408,16254,99.1,230.0,227.85,10,586
2024-03-01,2024,1 & 2 Star Hotels,Hotel segment,18166,13834,76.2,154.83,117.91,10,586
2024-04-01,2024,1 & 2 Star Hotels,Hotel segment,17580,14579,82.9,161.74,134.13,10,586
2024-05-01,2024,1 & 2 Star Hotels,Hotel segment,18166,15845,87.2,148.26,129.32,10,586
2024-06-01,2024,1 & 2 Star Hotels,Hotel segment,17580,14467,82.3,144.25,118.7,10,586
2024-07-01,2024,1 & 2 Star Hotels,Hotel segment,18166,15058,82.9,136.57,113.2,10,586
2024-08-01,2024,1 & 2 Star Hotels,Hotel segment,18166,15314,84.3,142.45,120.09,10,586
2024-09-01,2024,1 & 2 Star Hotels,Hotel segment,17580,14767,84.0,146.36,122.94,10,586
2024-10-01,2024,1 & 2 Star Hotels,Hotel segment,18166,16999,93.6,150.36,140.7,10,586
2024-11-01,2024,1 & 2 Star Hotels,Hotel segment,17580,17939,102.0,203.34,207.49,10,586
2024-12-01,2024,1 & 2 Star Hotels,Hotel segment,18166,16588,91.3,185.87,169.72,10,586
2025-01-01,2025,1 & 2 Star Hotels,Hotel segment,18166,16885,92.9,193.2,179.58,10,586
2025-02-01,2025,1 & 2 Star Hotels,Hotel segment,17668,18171,102.8,212.56,218.61,11,631
2025-03-01,2025,1 & 2 Star Hotels,Hotel segment,19561,16596,84.8,147.37,125.03,11,631
2014-01-01,2014,3 Star Hotels,Hotel segment,28861,21211,73.5,299.25,219.93,11,931
2014-02-01,2014,3 Star Hotels,Hotel segment,26068,18515,71.0,294.76,209.35,11,931
2014-03-01,2014,3 Star Hotels,Hotel segment,28861,20817,72.1,302.57,218.25,11,931
2014-04-01,2014,3 Star Hotels,Hotel segment,27930,19166,68.6,262.4,180.07,11,931
2014-05-01,2014,3 Star Hotels,Hotel segment,28861,19779,68.5,266.69,182.77,11,931
2014-06-01,2014,3 Star Hotels,Hotel segment,27930,19172,68.6,265.28,182.09,11,931
2014-07-01,2014,3 Star Hotels,Hotel segment,28861,16285,56.4,254.26,143.46,11,931
2014-08-01,2014,3 Star Hotels,Hotel segment,28861,18275,63.3,268.67,170.13,11,931
2014-09-01,2014,3 Star Hotels,Hotel segment,27930,21135,75.7,262.92,198.95,11,931
2014-10-01,2014,3 Star Hotels,Hotel segment,28861,22872,79.2,289.13,229.13,11,931
2014-11-01,2014,3 Star Hotels,Hotel segment,30390,26868,88.4,271.84,240.33,12,1013
2014-12-01,2014,3 Star Hotels,Hotel segment,31403,24655,78.5,291.73,229.05,12,1013
2015-01-01,2015,3 Star Hotels,Hotel segment,34441,27516,79.9,359.85,287.49,13,1111
2015-02-01,2015,3 Star Hotels,Hotel segment,31108,23090,74.2,302.97,224.88,13,1111
2015-03-01,2015,3 Star Hotels,Hotel segment,34441,26703,77.5,343.44,266.28,13,1111
2015-04-01,2015,3 Star Hotels,Hotel segment,33330,21988,66.0,289.8,191.18,13,1111
2015-05-01,2015,3 Star Hotels,Hotel segment,38626,24006,62.1,291.62,181.24,14,1246
2015-06-01,2015,3 Star Hotels,Hotel segment,37380,20399,54.6,277.49,151.43,14,1246
2015-07-01,2015,3 Star Hotels,Hotel segment,38564,19654,51.0,284.18,144.83,14,1244
2015-08-01,2015,3 Star Hotels,Hotel segment,38564,20824,54.0,278.86,150.58,14,1244
2015-09-01,2015,3 Star Hotels,Hotel segment,37320,23555,63.1,303.18,191.36,14,1244
2015-10-01,2015,3 Star Hotels,Hotel segment,38564,23206,60.2,277.67,167.09,14,1244
2015-11-01,2015,3 Star Hotels,Hotel segment,37320,22711,60.9,277.51,168.88,14,1244
2015-12-01,2015,3 Star Hotels,Hotel segment,38564,23843,61.8,279.65,172.9,14,1244
2016-01-01,2016,3 Star Hotels,Hotel segment,38564,27361,71.0,300.79,213.41,14,1244
2016-02-01,2016,3 Star Hotels,Hotel segment,34832,20175,57.9,270.91,156.91,14,1244
2016-03-01,2016,3 Star Hotels,Hotel segment,38564,25301,65.6,301.77,197.98,14,1244
2016-04-01,2016,3 Star Hotels,Hotel segment,37320,20670,55.4,262.03,145.13,14,1244
2016-05-01,2016,3 Star Hotels,Hotel segment,38564,21499,55.7,251.71,140.32,14,1244
2016-06-01,2016,3 Star Hotels,Hotel segment,35070,15112,43.1,230.49,99.32,13,1169
2016-07-01,2016,3 Star Hotels,Hotel segment,36239,18572,51.2,270.66,138.71,13,1169
2016-08-01,2016,3 Star Hotels,Hotel segment,36239,20744,57.2,257.91,147.63,13,1169
2016-09-01,2016,3 Star Hotels,Hotel segment,35070,19331,55.1,272.6,150.26,13,1169
2016-10-01,2016,3 Star Hotels,Hotel segment,36239,19319,53.3,242.4,129.23,13,1169
2016-11-01,2016,3 Star Hotels,Hotel segment,37320,23380,62.6,262.85,164.67,14,1244
2016-12-01,2016,3 Star Hotels,Hotel segment,38285,24329,63.5,244.5,155.37,14,1235
2017-01-01,2017,3 Star Hotels,Hotel segment,38285,25713,67.2,265.32,178.19,14,1235
2017-02-01,2017,3 Star Hotels,Hotel segment,37940,22809,60.1,248.89,149.63,15,1355
2017-03-01,2017,3 Star Hotels,Hotel segment,42005,25473,60.6,239.93,145.5,15,1355
2017-04-01,2017,3 Star Hotels,Hotel segment,40650,27076,66.6,263.12,175.26,15,1355
2017-05-01,2017,3 Star Hotels,Hotel segment,42005,24301,57.9,216.98,125.53,15,1355
2017-06-01,2017,3 Star Hotels,Hotel segment,48660,18006,37.0,204.12,75.53,17,1622
2017-07-01,2017,3 Star Hotels,Hotel segment,50282,20085,39.9,194.77,77.8,17,1622
2017-08-01,2017,3 Star Hotels,Hotel segment,50282,22583,44.9,184.45,82.84,17,1622
2017-09-01,2017,3 Star Hotels,Hotel segment,48660,23271,47.8,181.07,86.59,17,1622
2017-10-01,2017,3 Star Hotels,Hotel segment,50282,27664,55.0,175.08,96.32,17,1622
2017-11-01,2017,3 Star Hotels,Hotel segment,48810,27989,57.3,183.44,105.19,17,1627
2017-12-01,2017,3 Star Hotels,Hotel segment,50437,30500,60.5,180.76,109.31,17,1627
2018-01-01,2018,3 Star Hotels,Hotel segment,50220,31587,62.9,180.14,113.3,17,1620
2018-02-01,2018,3 Star Hotels,Hotel segment,45360,28929,63.8,172.95,110.3,17,1620
2018-03-01,2018,3 Star Hotels,Hotel segment,50220,35141,70.0,175.07,122.51,17,1620
2018-04-01,2018,3 Star Hotels,Hotel segment,48600,34531,71.1,173.12,123.0,17,1620
2018-05-01,2018,3 Star Hotels,Hotel segment,50220,33079,65.9,168.54,111.01,17,1620
2018-06-01,2018,3 Star Hotels,Hotel segment,48600,29936,61.6,171.46,105.62,17,1620
2018-07-01,2018,3 Star Hotels,Hotel segment,50220,34524,68.7,167.98,115.48,17,1620
2018-08-01,2018,3 Star Hotels,Hotel segment,50220,33207,66.1,167.83,110.98,17,1620
2018-09-01,2018,3 Star Hotels,Hotel segment,48600,33485,68.9,166.74,114.88,17,1620
2018-10-01,2018,3 Star Hotels,Hotel segment,49476,36973,74.7,170.36,127.31,17,1596
2018-11-01,2018,3 Star Hotels,Hotel segment,47880,36140,75.5,173.22,130.75,17,1596
2018-12-01,2018,3 Star Hotels,Hotel segment,49476,39276,79.4,174.71,138.69,17,1596
2019-01-01,2019,3 Star Hotels,Hotel segment,52886,40623,76.8,173.42,133.21,18,1706
2019-02-01,2019,3 Star Hotels,Hotel segment,47768,38601,80.8,176.05,142.27,18,1706
2019-03-01,2019,3 Star Hotels,Hotel segment,52886,43799,82.8,175.58,145.41,18,1706
2019-04-01,2019,3 Star Hotels,Hotel segment,51180,42668,83.4,174.35,145.35,18,1706
2019-05-01,2019,3 Star Hotels,Hotel segment,52886,35165,66.5,165.85,110.28,18,1706
2019-06-01,2019,3 Star Hotels,Hotel segment,51180,36219,70.8,173.0,122.43,18,1706
2019-07-01,2019,3 Star Hotels,Hotel segment,52886,39925,75.5,167.11,126.16,18,1706
2019-08-01,2019,3 Star Hotels,Hotel segment,52886,37526,71.0,168.53,119.58,18,1706
2019-09-01,2019,3 Star Hotels,Hotel segment,51180,41419,80.9,168.81,136.61,18,1706
2019-10-01,2019,3 Star Hotels,Hotel segment,56730,46107,81.3,172.92,140.53,19,1830
2019-11-01,2019,3 Star Hotels,Hotel segment,53550,43465,81.2,171.34,139.07,18,1785
2019-12-01,2019,3 Star Hotels,Hotel segment,55335,47573,86.0,190.35,163.65,18,1785
2020-01-01,2020,3 Star Hotels,Hotel segment,55335,44857,81.1,177.79,144.13,18,1785
2020-02-01,2020,3 Star Hotels,Hotel segment,52920,41553,78.5,178.14,139.87,19,1890
2020-03-01,2020,3 Star Hotels,Hotel segment,58590,38930,66.4,175.64,116.7,19,1890
2020-04-01,2020,3 Star Hotels,Hotel segment,56700,31449,55.5,178.06,98.76,19,1890
2020-05-01,2020,3 Star Hotels,Hotel segment,58590,34901,59.6,169.85,101.18,19,1890
2020-06-01,2020,3 Star Hotels,Hotel segment,56700,31900,56.3,173.25,97.47,19,1890
2020-07-01,2020,3 Star Hotels,Hotel segment,58590,33904,57.9,149.68,86.61,19,1890
2020-08-01,2020,3 Star Hotels,Hotel segment,58590,34532,58.9,155.6,91.71,19,1890
2020-09-01,2020,3 Star Hotels,Hotel segment,54240,36118,66.6,158.48,105.53,18,1808
2020-10-01,2020,3 Star Hotels,Hotel segment,53692,38523,71.7,173.43,124.43,17,1732
2020-11-01,2020,3 Star Hotels,Hotel segment,51960,36862,70.9,178.7,126.77,17,1732
2020-12-01,2020,3 Star Hotels,Hotel segment,53692,39640,73.8,180.62,133.35,17,1732
2021-01-01,2021,3 Star Hotels,Hotel segment,53692,39818,74.2,180.25,133.67,17,1732
2021-02-01,2021,3 Star Hotels,Hotel segment,50792,42817,84.3,180.69,152.32,18,1814
2021-03-01,2021,3 Star Hotels,Hotel segment,56234,49762,88.5,180.77,159.96,18,1814
2021-04-01,2021,3 Star Hotels,Hotel segment,54420,44177,81.2,183.46,148.93,18,1814
2021-05-01,2021,3 Star Hotels,Hotel segment,56234,44146,78.5,200.3,157.24,18,1814
2021-06-01,2021,3 Star Hotels,Hotel segment,52170,44584,85.5,190.96,163.19,17,1739
2021-07-01,2021,3 Star Hotels,Hotel segment,53909,46590,86.4,201.67,174.29,17,1739
2021-08-01,2021,3 Star Hotels,Hotel segment,53909,43284,80.3,215.08,172.69,17,1739
2021-09-01,2021,3 Star Hotels,Hotel segment,48210,42380,87.9,218.7,192.25,16,1607
2021-10-01,2021,3 Star Hotels,Hotel segment,45167,38694,85.7,214.84,184.05,14,1457
2021-11-01,2021,3 Star Hotels,Hotel segment,47670,41503,87.1,229.45,199.77,15,1589
2021-12-01,2021,3 Star Hotels,Hotel segment,49259,44745,90.8,254.29,230.99,15,1589
2022-01-01,2022,3 Star Hotels,Hotel segment,49259,43146,87.6,229.43,200.96,15,1589
2022-02-01,2022,3 Star Hotels,Hotel segment,44492,40281,90.5,227.95,206.38,15,1589
2022-03-01,2022,3 Star Hotels,Hotel segment,49259,41952,85.2,213.21,181.58,15,1589
2022-04-01,2022,3 Star Hotels,Hotel segment,47670,35202,73.8,186.09,137.42,15,1589
2022-05-01,2022,3 Star Hotels,Hotel segment,49259,39055,79.3,200.29,158.8,15,1589
2022-06-01,2022,3 Star Hotels,Hotel segment,47790,39953,83.6,195.08,163.09,15,1593
2022-07-01,2022,3 Star Hotels,Hotel segment,49848,40159,80.6,191.07,153.93,16,1608
2022-08-01,2022,3 Star Hotels,Hotel segment,49848,39538,79.3,189.49,150.3,16,1608
2022-09-01,2022,3 Star Hotels,Hotel segment,48240,36666,76.0,186.2,141.52,16,1608
2022-10-01,2022,3 Star Hotels,Hotel segment,49848,35776,71.8,213.05,152.9,16,1608
2022-11-01,2022,3 Star Hotels,Hotel segment,65340,43274,66.2,751.44,497.67,21,2178
2022-12-01,2022,3 Star Hotels,Hotel segment,67518,50927,75.4,778.96,587.54,21,2178
2023-01-01,2023,3 Star Hotels,Hotel segment,67518,46257,68.5,188.84,129.38,21,2178
2023-02-01,2023,3 Star Hotels,Hotel segment,62972,48542,77.1,188.07,144.98,22,2249
2023-03-01,2023,3 Star Hotels,Hotel segment,69657,52701,75.7,190.73,144.3,22,2247
2023-04-01,2023,3 Star Hotels,Hotel segment,67410,46900,69.6,177.71,123.64,22,2247
2023-05-01,2023,3 Star Hotels,Hotel segment,71610,57249,79.9,171.59,137.18,23,2310
2023-06-01,2023,3 Star Hotels,Hotel segment,69300,54198,78.2,173.55,135.73,23,2310
2023-07-01,2023,3 Star Hotels,Hotel segment,71610,53469,74.7,166.1,124.02,23,2310
2023-08-01,2023,3 Star Hotels,Hotel segment,71610,55880,78.0,162.1,126.49,23,2310
2023-09-01,2023,3 Star Hotels,Hotel segment,69300,56240,81.2,164.85,133.78,23,2310
2023-10-01,2023,3 Star Hotels,Hotel segment,72354,61751,85.3,173.0,147.65,23,2334
2023-11-01,2023,3 Star Hotels,Hotel segment,70020,61786,88.2,184.95,163.2,23,2334
2023-12-01,2023,3 Star Hotels,Hotel segment,72354,65664,90.8,185.65,168.48,23,2334
2024-01-01,2024,3 Star Hotels,Hotel segment,72354,68623,94.8,275.35,261.16,23,2334
2024-02-01,2024,3 Star Hotels,Hotel segment,65352,60887,93.2,278.19,259.18,23,2334
2024-03-01,2024,3 Star Hotels,Hotel segment,72354,49012,67.7,181.08,122.66,23,2334
2024-04-01,2024,3 Star Hotels,Hotel segment,75570,54201,71.7,205.77,147.58,24,2519
2024-05-01,2024,3 Star Hotels,Hotel segment,78089,61792,79.1,167.75,132.74,24,2519
2024-06-01,2024,3 Star Hotels,Hotel segment,75570,56321,74.5,167.02,124.48,24,2519
2024-07-01,2024,3 Star Hotels,Hotel segment,78089,59109,75.7,153.53,116.22,24,2519
2024-08-01,2024,3 Star Hotels,Hotel segment,78089,60313,77.2,153.7,118.71,24,2519
2024-09-01,2024,3 Star Hotels,Hotel segment,75570,60415,79.9,166.24,132.9,24,2519
2024-10-01,2024,3 Star Hotels,Hotel segment,78089,64156,82.2,175.53,144.21,24,2519
2024-11-01,2024,3 Star Hotels,Hotel segment,75900,69815,92.0,242.86,223.39,24,2530
2024-12-01,2024,3 Star Hotels,Hotel segment,78430,71091,90.6,235.7,213.65,24,2530
2025-01-01,2025,3 Star Hotels,Hotel segment,78430,70530,89.9,241.96,217.59,24,2530
2025-02-01,2025,3 Star Hotels,Hotel segment,70840,65912,93.0,252.96,235.36,24,2530
2025-03-01,2025,3 Star Hotels,Hotel segment,78430,48999,62.5,175.08,109.38,24,2530
2014-01-01,2014,4 Star Hotels,Hotel segment,143902,110644,76.9,411.37,316.3,23,4642
2014-02-01,2014,4 Star Hotels,Hotel segment,129976,102350,78.7,398.46,313.76,23,4642
2014-03-01,2014,4 Star Hotels,Hotel segment,143902,110415,76.7,412.53,316.54,23,4642
2014-04-01,2014,4 Star Hotels,Hotel segment,139260,95952,68.9,384.16,264.69,23,4642
2014-05-01,2014,4 Star Hotels,Hotel segment,143902,103577,72.0,381.32,274.46,23,4642
2014-06-01,2014,4 Star Hotels,Hotel segment,139260,103413,74.3,373.65,277.47,23,4642
2014-07-01,2014,4 Star Hotels,Hotel segment,143902,83766,58.2,354.92,206.6,23,4642
2014-08-01,2014,4 Star Hotels,Hotel segment,143902,101312,70.4,370.69,260.98,23,4642
2014-09-01,2014,4 Star Hotels,Hotel segment,139230,105771,76.0,377.92,287.1,23,4641
2014-10-01,2014,4 Star Hotels,Hotel segment,143871,114681,79.7,404.83,322.7,23,4641
2014-11-01,2014,4 Star Hotels,Hotel segment,139230,117541,84.4,395.09,333.55,23,4641
2014-12-01,2014,4 Star Hotels,Hotel segment,143871,113836,79.1,397.05,314.16,23,4641
2015-01-01,2015,4 Star Hotels,Hotel segment,143871,125152,87.0,427.21,371.63,23,4641
2015-02-01,2015,4 Star Hotels,Hotel segment,129948,105551,81.2,411.8,334.49,23,4641
2015-03-01,2015,4 Star Hotels,Hotel segment,143871,120710,83.9,428.69,359.68,23,4641
2015-04-01,2015,4 Star Hotels,Hotel segment,139230,103646,74.4,399.13,297.12,23,4641
2015-05-01,2015,4 Star Hotels,Hotel segment,143871,105807,73.5,391.16,287.67,23,4641
2015-06-01,2015,4 Star Hotels,Hotel segment,142140,87001,61.2,379.77,232.45,24,4738
2015-07-01,2015,4 Star Hotels,Hotel segment,146878,81387,55.4,390.9,216.6,24,4738
2015-08-01,2015,4 Star Hotels,Hotel segment,146878,90134,61.4,376.34,230.95,24,4738
2015-09-01,2015,4 Star Hotels,Hotel segment,147360,100473,68.2,391.43,266.88,25,4912
2015-10-01,2015,4 Star Hotels,Hotel segment,152272,108770,71.4,393.93,281.39,25,4912
2015-11-01,2015,4 Star Hotels,Hotel segment,147360,96789,65.7,384.97,252.86,25,4912
2015-12-01,2015,4 Star Hotels,Hotel segment,152241,92211,60.6,373.92,226.48,25,4911
2016-01-01,2016,4 Star Hotels,Hotel segment,152210,107750,70.8,387.48,274.3,25,4910
2016-02-01,2016,4 Star Hotels,Hotel segment,137480,86250,62.7,369.2,231.62,25,4910
2016-03-01,2016,4 Star Hotels,Hotel segment,152086,106749,70.2,391.38,274.71,25,4906
2016-04-01,2016,4 Star Hotels,Hotel segment,154020,90242,58.6,356.19,208.69,26,5134
2016-05-01,2016,4 Star Hotels,Hotel segment,159154,92350,58.0,342.89,198.96,26,5134
2016-06-01,2016,4 Star Hotels,Hotel segment,148680,67870,45.6,325.11,148.41,25,4956
2016-07-01,2016,4 Star Hotels,Hotel segment,153605,77987,50.8,331.93,168.52,25,4955
2016-08-01,2016,4 Star Hotels,Hotel segment,153605,81825,53.3,325.5,173.39,25,4955
2016-09-01,2016,4 Star Hotels,Hotel segment,148650,82139,55.3,341.9,188.92,25,4955
2016-10-01,2016,4 Star Hotels,Hotel segment,153605,85315,55.5,328.7,182.57,25,4955
2016-11-01,2016,4 Star Hotels,Hotel segment,148650,96845,65.1,334.4,217.86,25,4955
2016-12-01,2016,4 Star Hotels,Hotel segment,153605,91251,59.4,317.5,188.61,25,4955
2017-01-01,2017,4 Star Hotels,Hotel segment,153605,102985,67.0,331.1,221.99,25,4955
2017-02-01,2017,4 Star Hotels,Hotel segment,139020,92455,66.5,326.19,216.93,25,4965
2017-03-01,2017,4 Star Hotels,Hotel segment,153915,103215,67.1,319.43,214.21,25,4965
2017-04-01,2017,4 Star Hotels,Hotel segment,148980,100143,67.2,339.58,228.26,25,4966
2017-05-01,2017,4 Star Hotels,Hotel segment,153946,84941,55.2,308.37,170.15,25,4966
2017-06-01,2017,4 Star Hotels,Hotel segment,151890,58198,38.3,287.34,110.1,25,5063
2017-07-01,2017,4 Star Hotels,Hotel segment,156953,70333,44.8,274.65,123.07,25,5063
2017-08-01,2017,4 Star Hotels,Hotel segment,156953,72277,46.1,267.26,123.07,25,5063
2017-09-01,2017,4 Star Hotels,Hotel segment,161100,73350,45.5,270.83,123.31,26,5370
2017-10-01,2017,4 Star Hotels,Hotel segment,166470,86143,51.7,262.76,135.97,26,5370
2017-11-01,2017,4 Star Hotels,Hotel segment,164100,96337,58.7,255.5,150.0,27,5470
2017-12-01,2017,4 Star Hotels,Hotel segment,169570,93623,55.2,252.74,139.54,27,5470
2018-01-01,2018,4 Star Hotels,Hotel segment,175615,102571,58.4,244.9,143.04,29,5665
2018-02-01,2018,4 Star Hotels,Hotel segment,158620,96067,60.6,241.34,146.16,29,5665
2018-03-01,2018,4 Star Hotels,Hotel segment,175615,110917,63.2,238.62,150.71,29,5665
2018-04-01,2018,4 Star Hotels,Hotel segment,169950,103345,60.8,233.96,142.27,29,5665
2018-05-01,2018,4 Star Hotels,Hotel segment,175615,97255,55.4,235.64,130.5,29,5665
2018-06-01,2018,4 Star Hotels,Hotel segment,169950,87431,51.4,233.29,120.02,29,5665
2018-07-01,2018,4 Star Hotels,Hotel segment,175615,101701,57.9,232.03,134.37,29,5665
2018-08-01,2018,4 Star Hotels,Hotel segment,175305,90745,51.8,228.59,118.33,29,5655
2018-09-01,2018,4 Star Hotels,Hotel segment,169650,97553,57.5,230.2,132.37,29,5655
2018-10-01,2018,4 Star Hotels,Hotel segment,175305,114919,65.6,227.26,148.98,29,5655
2018-11-01,2018,4 Star Hotels,Hotel segment,169650,113386,66.8,226.98,151.7,29,5655
2018-12-01,2018,4 Star Hotels,Hotel segment,175305,115468,65.9,226.55,149.22,29,5655
2019-01-01,2019,4 Star Hotels,Hotel segment,175026,115613,66.1,229.14,151.36,29,5646
2019-02-01,2019,4 Star Hotels,Hotel segment,158088,109544,69.3,230.51,159.73,29,5646
2019-03-01,2019,4 Star Hotels,Hotel segment,175026,123575,70.6,233.6,164.93,29,5646
2019-04-01,2019,4 Star Hotels,Hotel segment,169320,125875,74.3,227.87,169.4,29,5644
2019-05-01,2019,4 Star Hotels,Hotel segment,174964,97290,55.6,220.86,122.81,29,5644
2019-06-01,2019,4 Star Hotels,Hotel segment,171780,101284,59.0,222.28,131.06,29,5726
2019-07-01,2019,4 Star Hotels,Hotel segment,177320,110260,62.2,222.84,138.56,29,5720
2019-08-01,2019,4 Star Hotels,Hotel segment,177320,102929,58.0,223.23,129.58,29,5720
2019-09-01,2019,4 Star Hotels,Hotel segment,171180,121756,71.1,226.24,160.92,29,5706
2019-10-01,2019,4 Star Hotels,Hotel segment,176886,128747,72.8,230.73,167.94,29,5706
2019-11-01,2019,4 Star Hotels,Hotel segment,171180,122483,71.6,226.29,161.92,29,5706
2019-12-01,2019,4 Star Hotels,Hotel segment,176886,133881,75.7,233.17,176.48,29,5706
2020-01-01,2020,4 Star Hotels,Hotel segment,180513,122872,68.1,224.47,152.79,30,5823
2020-02-01,2020,4 Star Hotels,Hotel segment,163044,111023,68.1,225.3,153.41,30,5823
2020-03-01,2020,4 Star Hotels,Hotel segment,180823,99075,54.8,210.02,115.07,30,5833
2020-04-01,2020,4 Star Hotels,Hotel segment,170520,77116,45.2,212.87,96.27,29,5684
2020-05-01,2020,4 Star Hotels,Hotel segment,176204,89274,50.7,215.77,109.32,29,5684
2020-06-01,2020,4 Star Hotels,Hotel segment,170520,92115,54.0,219.07,118.34,29,5684
2020-07-01,2020,4 Star Hotels,Hotel segment,180792,94661,52.4,213.19,111.62,30,5832
2020-08-01,2020,4 Star Hotels,Hotel segment,180792,106864,59.1,204.29,120.75,30,5832
2020-09-01,2020,4 Star Hotels,Hotel segment,174960,119331,68.2,214.16,146.07,30,5832
2020-10-01,2020,4 Star Hotels,Hotel segment,180792,131139,72.5,208.88,151.51,30,5832
2020-11-01,2020,4 Star Hotels,Hotel segment,174960,127193,72.7,208.17,151.33,30,5832
2020-12-01,2020,4 Star Hotels,Hotel segment,180792,133550,73.9,209.22,154.55,30,5832
2021-01-01,2021,4 Star Hotels,Hotel segment,182621,125983,69.0,211.74,146.07,31,5891
2021-02-01,2021,4 Star Hotels,Hotel segment,164948,117842,71.4,221.73,158.41,31,5891
2021-03-01,2021,4 Star Hotels,Hotel segment,177506,123888,69.8,231.2,161.36,30,5726
2021-04-01,2021,4 Star Hotels,Hotel segment,176730,112255,63.5,228.44,145.1,31,5891
2021-05-01,2021,4 Star Hotels,Hotel segment,186992,117017,62.6,232.72,145.63,32,6032
2021-06-01,2021,4 Star Hotels,Hotel segment,180960,127148,70.3,228.8,160.76,32,6032
2021-07-01,2021,4 Star Hotels,Hotel segment,186992,127090,68.0,229.22,155.79,32,6032
2021-08-01,2021,4 Star Hotels,Hotel segment,186992,139372,74.5,236.48,176.26,32,6032
2021-09-01,2021,4 Star Hotels,Hotel segment,180960,141744,78.3,239.11,187.29,32,6032
2021-10-01,2021,4 Star Hotels,Hotel segment,186992,138835,74.2,246.07,182.7,32,6032
2021-11-01,2021,4 Star Hotels,Hotel segment,180960,140156,77.5,254.36,197.01,32,6032
2021-12-01,2021,4 Star Hotels,Hotel segment,186992,142800,76.4,267.08,203.96,32,6032
2022-01-01,2022,4 Star Hotels,Hotel segment,183830,128382,69.8,250.17,174.71,31,5930
2022-02-01,2022,4 Star Hotels,Hotel segment,161420,112509,69.7,244.61,170.49,30,5765
2022-03-01,2022,4 Star Hotels,Hotel segment,181877,120961,66.5,248.85,165.5,31,5867
2022-04-01,2022,4 Star Hotels,Hotel segment,176010,93768,53.3,221.55,118.03,31,5867
2022-05-01,2022,4 Star Hotels,Hotel segment,182063,118246,64.9,242.0,157.18,31,5873
2022-06-01,2022,4 Star Hotels,Hotel segment,176190,113045,64.2,232.6,149.24,31,5873
2022-07-01,2022,4 Star Hotels,Hotel segment,182063,101537,55.8,234.31,130.68,31,5873
2022-08-01,2022,4 Star Hotels,Hotel segment,182094,109958,60.4,225.23,136.0,31,5874
2022-09-01,2022,4 Star Hotels,Hotel segment,173070,93247,53.9,254.28,137.0,30,5769
2022-10-01,2022,4 Star Hotels,Hotel segment,184016,98372,53.5,299.5,160.11,31,5936
2022-11-01,2022,4 Star Hotels,Hotel segment,220860,126317,57.2,1002.62,573.43,39,7362
2022-12-01,2022,4 Star Hotels,Hotel segment,228036,139146,61.0,1088.79,664.37,39,7356
2023-01-01,2023,4 Star Hotels,Hotel segment,228377,97487,42.7,236.33,100.88,39,7367
2023-02-01,2023,4 Star Hotels,Hotel segment,206276,112822,54.7,242.69,132.74,39,7367
2023-03-01,2023,4 Star Hotels,Hotel segment,228377,124409,54.5,248.64,135.45,39,7367
2023-04-01,2023,4 Star Hotels,Hotel segment,219120,95845,43.7,232.13,101.54,38,7304
2023-05-01,2023,4 Star Hotels,Hotel segment,226424,119480,52.8,215.95,113.95,38,7304
2023-06-01,2023,4 Star Hotels,Hotel segment,221340,118794,53.7,214.83,115.3,39,7378
2023-07-01,2023,4 Star Hotels,Hotel segment,230516,113926,49.4,211.06,104.31,40,7436
2023-08-01,2023,4 Star Hotels,Hotel segment,227819,114869,50.4,211.34,106.56,39,7349
2023-09-01,2023,4 Star Hotels,Hotel segment,223110,125482,56.2,206.84,116.33,40,7437
2023-10-01,2023,4 Star Hotels,Hotel segment,230547,147868,64.1,215.94,138.5,40,7437
2023-11-01,2023,4 Star Hotels,Hotel segment,227670,160688,70.6,229.68,162.11,42,7589
2023-12-01,2023,4 Star Hotels,Hotel segment,235259,176709,75.1,224.18,168.39,42,7589
2024-01-01,2024,4 Star Hotels,Hotel segment,235228,204576,87.0,318.18,276.72,42,7588
2024-02-01,2024,4 Star Hotels,Hotel segment,212464,181039,85.2,324.41,276.43,42,7588
2024-03-01,2024,4 Star Hotels,Hotel segment,235228,129127,54.9,226.53,124.35,42,7588
2024-04-01,2024,4 Star Hotels,Hotel segment,227640,140039,61.5,246.44,151.61,42,7588
2024-05-01,2024,4 Star Hotels,Hotel segment,235228,153278,65.2,211.76,137.99,42,7588
2024-06-01,2024,4 Star Hotels,Hotel segment,227640,138910,61.0,213.09,130.03,42,7588
2024-07-01,2024,4 Star Hotels,Hotel segment,235228,144449,61.4,202.33,124.25,42,7588
2024-08-01,2024,4 Star Hotels,Hotel segment,235228,149207,63.4,199.64,126.63,42,7588
2024-09-01,2024,4 Star Hotels,Hotel segment,227640,145492,63.9,206.5,131.98,42,7588
2024-10-01,2024,4 Star Hotels,Hotel segment,241366,162923,67.5,210.44,142.05,43,7786
2024-11-01,2024,4 Star Hotels,Hotel segment,233760,189797,81.2,267.85,217.47,43,7792
2024-12-01,2024,4 Star Hotels,Hotel segment,254169,197608,77.7,264.12,205.35,45,8199
2025-01-01,2025,4 Star Hotels,Hotel segment,253673,203317,80.1,276.7,221.77,45,8183
2025-02-01,2025,4 Star Hotels,Hotel segment,229264,188722,82.3,288.12,237.17,45,8188
2025-03-01,2025,4 Star Hotels,Hotel segment,253828,118361,46.6,221.65,103.36,45,8188
2014-01-01,2014,5 Star Hotels,Hotel segment,225680,160179,71.0,769.08,545.86,25,7280
2014-02-01,2014,5 Star Hotels,Hotel segment,203840,148064,72.6,760.91,552.71,25,7280
2014-03-01,2014,5 Star Hotels,Hotel segment,225680,177628,78.7,768.02,604.49,25,7280
2014-04-01,2014,5 Star Hotels,Hotel segment,207270,151364,73.0,756.29,552.3,24,6909
2014-05-01,2014,5 Star Hotels,Hotel segment,214179,157082,73.3,753.67,552.75,24,6909
2014-06-01,2014,5 Star Hotels,Hotel segment,207270,146823,70.8,727.16,515.1,24,6909
2014-07-01,2014,5 Star Hotels,Hotel segment,214179,101405,47.3,679.1,321.53,24,6909
2014-08-01,2014,5 Star Hotels,Hotel segment,214179,128562,60.0,731.07,438.83,24,6909
2014-09-01,2014,5 Star Hotels,Hotel segment,207270,145327,70.1,729.02,511.15,24,6909
2014-10-01,2014,5 Star Hotels,Hotel segment,214179,161868,75.6,801.23,605.54,24,6909
2014-11-01,2014,5 Star Hotels,Hotel segment,218460,176597,80.8,779.84,630.4,25,7282
2014-12-01,2014,5 Star Hotels,Hotel segment,230826,162144,70.2,784.2,550.86,26,7446
2015-01-01,2015,5 Star Hotels,Hotel segment,243908,188004,77.1,838.91,646.63,28,7868
2015-02-01,2015,5 Star Hotels,Hotel segment,229180,164973,72.0,822.82,592.3,29,8185
2015-03-01,2015,5 Star Hotels,Hotel segment,253735,190867,75.2,841.04,632.65,29,8185
2015-04-01,2015,5 Star Hotels,Hotel segment,246060,165003,67.1,832.65,558.36,29,8202
2015-05-01,2015,5 Star Hotels,Hotel segment,254262,174248,68.5,789.55,541.08,29,8202
2015-06-01,2015,5 Star Hotels,Hotel segment,246060,133003,54.1,715.01,386.49,29,8202
2015-07-01,2015,5 Star Hotels,Hotel segment,254262,124262,48.9,732.71,358.09,29,8202
2015-08-01,2015,5 Star Hotels,Hotel segment,260958,142604,54.6,706.33,385.98,30,8418
2015-09-01,2015,5 Star Hotels,Hotel segment,252540,165089,65.4,766.21,500.88,30,8418
2015-10-01,2015,5 Star Hotels,Hotel segment,266755,184869,69.3,760.99,527.39,31,8605
2015-11-01,2015,5 Star Hotels,Hotel segment,258150,173900,67.4,731.73,492.93,31,8605
2015-12-01,2015,5 Star Hotels,Hotel segment,276489,168023,60.8,720.23,437.69,32,8919
2016-01-01,2016,5 Star Hotels,Hotel segment,289726,188580,65.1,726.81,473.07,34,9346
2016-02-01,2016,5 Star Hotels,Hotel segment,271908,166353,61.2,699.53,427.97,35,9711
2016-03-01,2016,5 Star Hotels,Hotel segment,301041,216996,72.1,763.14,550.09,35,9711
2016-04-01,2016,5 Star Hotels,Hotel segment,291330,182643,62.7,723.84,453.8,35,9711
2016-05-01,2016,5 Star Hotels,Hotel segment,301165,179494,59.6,703.16,419.08,35,9715
2016-06-01,2016,5 Star Hotels,Hotel segment,289140,115814,40.1,617.6,247.38,34,9638
2016-07-01,2016,5 Star Hotels,Hotel segment,298778,151897,50.8,708.37,360.13,34,9638
2016-08-01,2016,5 Star Hotels,Hotel segment,304048,159086,52.3,628.14,328.66,35,9808
2016-09-01,2016,5 Star Hotels,Hotel segment,296460,167911,56.6,680.26,385.29,36,9882
2016-10-01,2016,5 Star Hotels,Hotel segment,306342,186902,61.0,677.41,413.3,36,9882
2016-11-01,2016,5 Star Hotels,Hotel segment,296100,200706,67.8,663.65,449.84,36,9870
2016-12-01,2016,5 Star Hotels,Hotel segment,312201,189125,60.6,630.11,381.71,37,10071
2017-01-01,2017,5 Star Hotels,Hotel segment,312542,197698,63.3,629.86,398.42,37,10082
2017-02-01,2017,5 Star Hotels,Hotel segment,282296,186452,66.0,634.16,418.85,37,10082
2017-03-01,2017,5 Star Hotels,Hotel segment,316262,215456,68.1,624.88,425.7,37,10202
2017-04-01,2017,5 Star Hotels,Hotel segment,309660,219494,70.9,685.96,486.22,38,10322
2017-05-01,2017,5 Star Hotels,Hotel segment,319982,185309,57.9,612.83,354.9,38,10322
2017-06-01,2017,5 Star Hotels,Hotel segment,310200,117254,37.8,625.79,236.55,38,10340
2017-07-01,2017,5 Star Hotels,Hotel segment,320540,153206,47.8,705.32,337.12,38,10340
2017-08-01,2017,5 Star Hotels,Hotel segment,320540,151620,47.3,663.07,313.64,38,10340
2017-09-01,2017,5 Star Hotels,Hotel segment,315990,163797,51.8,651.72,337.82,39,10533
2017-10-01,2017,5 Star Hotels,Hotel segment,334893,174052,52.0,584.05,303.54,40,10803
2017-11-01,2017,5 Star Hotels,Hotel segment,324090,186130,57.4,572.65,328.88,40,10803
2017-12-01,2017,5 Star Hotels,Hotel segment,334893,177646,53.0,579.89,307.6,40,10803
2018-01-01,2018,5 Star Hotels,Hotel segment,334893,188322,56.2,553.8,311.42,40,10803
2018-02-01,2018,5 Star Hotels,Hotel segment,302484,185075,61.2,555.54,339.91,40,10803
2018-03-01,2018,5 Star Hotels,Hotel segment,346177,225155,65.0,576.96,375.26,41,11167
2018-04-01,2018,5 Star Hotels,Hotel segment,335010,205147,61.2,606.47,371.38,41,11167
2018-05-01,2018,5 Star Hotels,Hotel segment,352222,170775,48.5,548.53,265.96,42,11362
2018-06-01,2018,5 Star Hotels,Hotel segment,345900,163708,47.3,603.97,285.85,43,11530
2018-07-01,2018,5 Star Hotels,Hotel segment,357430,185251,51.8,583.66,302.5,43,11530
2018-08-01,2018,5 Star Hotels,Hotel segment,357430,177121,49.6,602.11,298.37,43,11530
2018-09-01,2018,5 Star Hotels,Hotel segment,353100,182279,51.6,515.92,266.33,45,11770
2018-10-01,2018,5 Star Hotels,Hotel segment,365242,229176,62.7,532.66,334.22,45,11782
2018-11-01,2018,5 Star Hotels,Hotel segment,353460,218994,62.0,506.82,314.01,45,11782
2018-12-01,2018,5 Star Hotels,Hotel segment,365242,223292,61.1,534.01,326.47,45,11782
2019-01-01,2019,5 Star Hotels,Hotel segment,368559,223741,60.7,506.55,307.51,45,11889
2019-02-01,2019,5 Star Hotels,Hotel segment,332892,225476,67.7,519.63,351.96,45,11889
2019-03-01,2019,5 Star Hotels,Hotel segment,388492,265103,68.2,518.66,353.93,48,12532
2019-04-01,2019,5 Star Hotels,Hotel segment,379980,265058,69.8,573.37,399.96,48,12666
2019-05-01,2019,5 Star Hotels,Hotel segment,403713,173574,43.0,480.6,206.63,49,13023
2019-06-01,2019,5 Star Hotels,Hotel segment,390690,207123,53.0,571.11,302.77,49,13023
2019-07-01,2019,5 Star Hotels,Hotel segment,396521,213298,53.8,542.52,291.84,48,12791
2019-08-01,2019,5 Star Hotels,Hotel segment,396521,199165,50.2,560.37,281.46,48,12791
2019-09-01,2019,5 Star Hotels,Hotel segment,372360,235995,63.4,508.57,322.32,47,12412
2019-10-01,2019,5 Star Hotels,Hotel segment,389453,271625,69.7,562.09,392.03,48,12563
2019-11-01,2019,5 Star Hotels,Hotel segment,376890,261910,69.5,509.05,353.75,48,12563
2019-12-01,2019,5 Star Hotels,Hotel segment,395250,286035,72.4,569.76,412.32,49,12750
2020-01-01,2020,5 Star Hotels,Hotel segment,399559,246203,61.6,509.41,313.89,50,12889
2020-02-01,2020,5 Star Hotels,Hotel segment,360864,243559,67.5,516.39,348.53,50,12888
2020-03-01,2020,5 Star Hotels,Hotel segment,406751,201807,49.6,482.56,239.42,51,13121
2020-04-01,2020,5 Star Hotels,Hotel segment,373050,166975,44.8,445.92,199.59,48,12435
2020-05-01,2020,5 Star Hotels,Hotel segment,398567,178260,44.7,446.92,199.89,50,12857
2020-06-01,2020,5 Star Hotels,Hotel segment,390270,169935,43.5,500.32,217.85,51,13009
2020-07-01,2020,5 Star Hotels,Hotel segment,414036,190200,45.9,563.82,259.01,52,13356
2020-08-01,2020,5 Star Hotels,Hotel segment,414036,217725,52.6,619.81,325.93,52,13356
2020-09-01,2020,5 Star Hotels,Hotel segment,400680,220315,55.0,490.91,269.93,52,13356
2020-10-01,2020,5 Star Hotels,Hotel segment,414036,224758,54.3,508.88,276.24,52,13356
2020-11-01,2020,5 Star Hotels,Hotel segment,400680,233138,58.2,437.53,254.58,52,13356
2020-12-01,2020,5 Star Hotels,Hotel segment,414036,256153,61.9,477.17,295.21,52,13356
2021-01-01,2021,5 Star Hotels,Hotel segment,414036,236764,57.2,434.73,248.6,52,13356
2021-02-01,2021,5 Star Hotels,Hotel segment,384076,257930,67.2,450.75,302.71,53,13717
2021-03-01,2021,5 Star Hotels,Hotel segment,425227,312524,73.5,504.47,370.76,53,13717
2021-04-01,2021,5 Star Hotels,Hotel segment,413610,258238,62.4,446.28,278.64,54,13787
2021-05-01,2021,5 Star Hotels,Hotel segment,427397,237856,55.7,487.21,271.15,54,13787
2021-06-01,2021,5 Star Hotels,Hotel segment,413640,268319,64.9,542.21,351.72,54,13788
2021-07-01,2021,5 Star Hotels,Hotel segment,427428,240326,56.2,611.74,343.96,54,13788
2021-08-01,2021,5 Star Hotels,Hotel segment,427428,303860,71.1,513.76,365.23,54,13788
2021-09-01,2021,5 Star Hotels,Hotel segment,413790,302335,73.1,485.93,355.04,54,13793
2021-10-01,2021,5 Star Hotels,Hotel segment,427583,297762,69.6,530.05,369.12,54,13793
2021-11-01,2021,5 Star Hotels,Hotel segment,419970,294725,70.2,556.8,390.75,55,13999
2021-12-01,2021,5 Star Hotels,Hotel segment,433938,295536,68.1,611.49,416.46,55,13998
2022-01-01,2022,5 Star Hotels,Hotel segment,439518,217635,49.5,497.88,246.54,56,14178
2022-02-01,2022,5 Star Hotels,Hotel segment,396984,205931,51.9,519.94,269.71,56,14178
2022-03-01,2022,5 Star Hotels,Hotel segment,439518,301745,68.7,635.59,436.36,56,14178
2022-04-01,2022,5 Star Hotels,Hotel segment,425340,163655,38.5,505.12,194.35,56,14178
2022-05-01,2022,5 Star Hotels,Hotel segment,446958,264913,59.3,667.76,395.78,57,14418
2022-06-01,2022,5 Star Hotels,Hotel segment,432510,259562,60.0,631.57,379.03,57,14417
2022-07-01,2022,5 Star Hotels,Hotel segment,446710,221806,49.7,650.41,322.95,57,14410
2022-08-01,2022,5 Star Hotels,Hotel segment,469836,228889,48.7,548.55,267.24,59,15156
2022-09-01,2022,5 Star Hotels,Hotel segment,458790,246686,53.8,564.3,303.42,59,15293
2022-10-01,2022,5 Star Hotels,Hotel segment,488932,266348,54.5,603.09,328.54,61,15772
2022-11-01,2022,5 Star Hotels,Hotel segment,535770,281974,52.6,2595.12,1365.81,72,17859
2022-12-01,2022,5 Star Hotels,Hotel segment,553629,314178,56.7,3081.65,1748.8,72,17859
2023-01-01,2023,5 Star Hotels,Hotel segment,553629,256237,46.3,572.93,265.17,72,17859
2023-02-01,2023,5 Star Hotels,Hotel segment,509656,292050,57.3,586.9,336.31,74,18202
2023-03-01,2023,5 Star Hotels,Hotel segment,564262,323026,57.2,618.71,354.2,74,18202
2023-04-01,2023,5 Star Hotels,Hotel segment,546060,226551,41.5,661.21,274.33,74,18202
2023-05-01,2023,5 Star Hotels,Hotel segment,564014,293834,52.1,582.09,303.25,74,18194
2023-06-01,2023,5 Star Hotels,Hotel segment,554310,270430,48.8,597.5,291.5,75,18477
2023-07-01,2023,5 Star Hotels,Hotel segment,572818,263407,46.0,578.91,266.21,75,18478
2023-08-01,2023,5 Star Hotels,Hotel segment,570524,265163,46.5,536.69,249.44,75,18404
2023-09-01,2023,5 Star Hotels,Hotel segment,551910,283557,51.4,509.68,261.86,75,18397
2023-10-01,2023,5 Star Hotels,Hotel segment,580630,358138,61.7,594.48,366.68,76,18730
2023-11-01,2023,5 Star Hotels,Hotel segment,558660,376396,67.4,553.79,373.12,77,18622
2023-12-01,2023,5 Star Hotels,Hotel segment,577282,386139,66.9,605.29,404.88,77,18622
2024-01-01,2024,5 Star Hotels,Hotel segment,581529,475904,81.8,649.45,531.49,78,18759
2024-02-01,2024,5 Star Hotels,Hotel segment,525252,441303,84.0,695.87,584.65,78,18759
2024-03-01,2024,5 Star Hotels,Hotel segment,592224,292475,49.4,559.06,276.1,79,19104
2024-04-01,2024,5 Star Hotels,Hotel segment,573120,331820,57.9,656.81,380.28,79,19104
2024-05-01,2024,5 Star Hotels,Hotel segment,591604,357719,60.5,580.61,351.07,79,19084
2024-06-01,2024,5 Star Hotels,Hotel segment,573420,304560,53.1,594.75,315.89,79,19114
2024-07-01,2024,5 Star Hotels,Hotel segment,592534,300954,50.8,545.63,277.13,79,19114
2024-08-01,2024,5 Star Hotels,Hotel segment,592534,311288,52.5,543.11,285.32,79,19114
2024-09-01,2024,5 Star Hotels,Hotel segment,579660,331311,57.2,530.21,303.05,79,19322
2024-10-01,2024,5 Star Hotels,Hotel segment,600470,391961,65.3,591.54,386.13,80,19370
2024-11-01,2024,5 Star Hotels,Hotel segment,582300,468276,80.4,666.8,536.23,80,19410
2024-12-01,2024,5 Star Hotels,Hotel segment,601710,445275,74.0,682.94,505.39,80,19410
2025-01-01,2025,5 Star Hotels,Hotel segment,602082,448173,74.4,638.83,475.53,80,19422
2025-02-01,2025,5 Star Hotels,Hotel segment,553280,434310,78.5,671.0,526.72,81,19760
2025-03-01,2025,5 Star Hotels,Hotel segment,612560,263680,43.0,515.09,221.73,81,19760
2014-01-01,2014,Deluxe Apartments,Hotel segment,120807,103505,85.7,344.73,295.36,7,3897
2014-02-01,2014,Deluxe Apartments,Hotel segment,109116,90517,83.0,339.02,281.24,7,3897
2014-03-01,2014,Deluxe Apartments,Hotel segment,120807,102051,84.5,342.78,289.56,7,3897
2014-04-01,2014,Deluxe Apartments,Hotel segment,116910,99492,85.1,323.07,274.94,7,3897
2014-05-01,2014,Deluxe Apartments,Hotel segment,120807,105342,87.2,321.12,280.01,7,3897
2014-06-01,2014,Deluxe Apartments,Hotel segment,116910,102538,87.7,331.93,291.12,7,3897
2014-07-01,2014,Deluxe Apartments,Hotel segment,121086,100651,83.1,331.53,275.58,7,3906
2014-08-01,2014,Deluxe Apartments,Hotel segment,121086,102821,84.9,346.37,294.12,7,3906
2014-09-01,2014,Deluxe Apartments,Hotel segment,117180,105599,90.1,326.66,294.38,7,3906
2014-10-01,2014,Deluxe Apartments,Hotel segment,121086,108850,89.9,342.36,307.77,7,3906
2014-11-01,2014,Deluxe Apartments,Hotel segment,117180,105292,89.9,339.98,305.49,7,3906
2014-12-01,2014,Deluxe Apartments,Hotel segment,121086,106027,87.6,353.66,309.68,7,3906
2015-01-01,2015,Deluxe Apartments,Hotel segment,121024,114306,94.4,366.95,346.58,7,3904
2015-02-01,2015,Deluxe Apartments,Hotel segment,109312,94559,86.5,367.35,317.77,7,3904
2015-03-01,2015,Deluxe Apartments,Hotel segment,121024,107241,88.6,379.64,336.4,7,3904
2015-04-01,2015,Deluxe Apartments,Hotel segment,117120,99233,84.7,361.29,306.11,7,3904
2015-05-01,2015,Deluxe Apartments,Hotel segment,121024,103311,85.4,351.71,300.23,7,3904
2015-06-01,2015,Deluxe Apartments,Hotel segment,117120,96797,82.6,350.17,289.41,7,3904
2015-07-01,2015,Deluxe Apartments,Hotel segment,121024,89722,74.1,366.34,271.59,7,3904
2015-08-01,2015,Deluxe Apartments,Hotel segment,121024,92388,76.3,357.1,272.6,7,3904
2015-09-01,2015,Deluxe Apartments,Hotel segment,117120,92761,79.2,368.34,291.73,7,3904
2015-10-01,2015,Deluxe Apartments,Hotel segment,121024,106692,88.2,364.61,321.43,7,3904
2015-11-01,2015,Deluxe Apartments,Hotel segment,119700,98141,82.0,355.82,291.73,7,3990
2015-12-01,2015,Deluxe Apartments,Hotel segment,123690,102135,82.6,354.78,292.95,7,3990
2016-01-01,2016,Deluxe Apartments,Hotel segment,123690,103355,83.6,350.98,293.28,7,3990
2016-02-01,2016,Deluxe Apartments,Hotel segment,111720,89478,80.1,355.76,284.93,7,3990
2016-03-01,2016,Deluxe Apartments,Hotel segment,123690,98220,79.4,372.03,295.42,7,3990
2016-04-01,2016,Deluxe Apartments,Hotel segment,119700,87693,73.3,357.77,262.11,7,3990
2016-05-01,2016,Deluxe Apartments,Hotel segment,123690,89931,72.7,343.8,249.96,7,3990
2016-06-01,2016,Deluxe Apartments,Hotel segment,119700,83066,69.4,333.5,231.44,7,3990
2016-07-01,2016,Deluxe Apartments,Hotel segment,123690,79886,64.6,335.45,216.65,7,3990
2016-08-01,2016,Deluxe Apartments,Hotel segment,123690,86245,69.7,318.96,222.4,7,3990
2016-09-01,2016,Deluxe Apartments,Hotel segment,119700,88330,73.8,325.26,240.02,7,3990
2016-10-01,2016,Deluxe Apartments,Hotel segment,123690,96196,77.8,305.53,237.61,7,3990
2016-11-01,2016,Deluxe Apartments,Hotel segment,122160,100049,81.9,322.23,263.9,8,4072
2016-12-01,2016,Deluxe Apartments,Hotel segment,126232,101159,80.1,313.57,251.28,8,4072
2017-01-01,2017,Deluxe Apartments,Hotel segment,128278,103600,80.8,323.95,261.63,9,4138
2017-02-01,2017,Deluxe Apartments,Hotel segment,122864,95876,78.0,341.39,266.4,10,4388
2017-03-01,2017,Deluxe Apartments,Hotel segment,136028,101439,74.6,353.28,263.45,10,4388
2017-04-01,2017,Deluxe Apartments,Hotel segment,131640,98470,74.8,370.16,276.89,10,4388
2017-05-01,2017,Deluxe Apartments,Hotel segment,148304,95805,64.6,345.52,223.2,11,4784
2017-06-01,2017,Deluxe Apartments,Hotel segment,143520,87606,61.0,351.36,214.48,11,4784
2017-07-01,2017,Deluxe Apartments,Hotel segment,148304,90762,61.2,346.32,211.95,11,4784
2017-08-01,2017,Deluxe Apartments,Hotel segment,148304,92890,62.6,342.41,214.47,11,4784
2017-09-01,2017,Deluxe Apartments,Hotel segment,143520,92789,64.7,349.42,225.91,11,4784
2017-10-01,2017,Deluxe Apartments,Hotel segment,148304,100956,68.1,331.78,225.86,11,4784
2017-11-01,2017,Deluxe Apartments,Hotel segment,143520,98557,68.7,335.59,230.46,11,4784
2017-12-01,2017,Deluxe Apartments,Hotel segment,148304,98767,66.6,323.53,215.47,11,4784
2018-01-01,2018,Deluxe Apartments,Hotel segment,148366,99233,66.9,326.62,218.46,11,4786
2018-02-01,2018,Deluxe Apartments,Hotel segment,134092,92773,69.2,336.81,233.03,11,4789
2018-03-01,2018,Deluxe Apartments,Hotel segment,148459,105034,70.7,325.56,230.33,11,4789
2018-04-01,2018,Deluxe Apartments,Hotel segment,143670,101261,70.5,329.15,231.99,11,4789
2018-05-01,2018,Deluxe Apartments,Hotel segment,148459,100180,67.5,315.29,212.76,11,4789
2018-06-01,2018,Deluxe Apartments,Hotel segment,143670,91940,64.0,322.75,206.54,11,4789
2018-07-01,2018,Deluxe Apartments,Hotel segment,148459,98208,66.2,311.76,206.24,11,4789
2018-08-01,2018,Deluxe Apartments,Hotel segment,148459,103752,69.9,303.34,211.99,11,4789
2018-09-01,2018,Deluxe Apartments,Hotel segment,146670,103419,70.5,303.85,214.25,12,4889
2018-10-01,2018,Deluxe Apartments,Hotel segment,151559,114309,75.4,298.05,224.79,12,4889
2018-11-01,2018,Deluxe Apartments,Hotel segment,146670,108993,74.3,305.05,226.69,12,4889
2018-12-01,2018,Deluxe Apartments,Hotel segment,156891,109960,70.1,310.61,217.7,13,5061
2019-01-01,2019,Deluxe Apartments,Hotel segment,150691,108898,72.3,303.47,219.3,12,4861
2019-02-01,2019,Deluxe Apartments,Hotel segment,136108,104306,76.6,314.92,241.34,12,4861
2019-03-01,2019,Deluxe Apartments,Hotel segment,150691,118076,78.4,305.11,239.08,12,4861
2019-04-01,2019,Deluxe Apartments,Hotel segment,145830,111318,76.3,302.78,231.13,12,4861
2019-05-01,2019,Deluxe Apartments,Hotel segment,150691,105699,70.1,298.91,209.67,12,4861
2019-06-01,2019,Deluxe Apartments,Hotel segment,145830,96344,66.1,309.17,204.26,12,4861
2019-07-01,2019,Deluxe Apartments,Hotel segment,150691,99145,65.8,303.99,200.01,12,4861
2019-08-01,2019,Deluxe Apartments,Hotel segment,150691,96858,64.3,302.1,194.17,12,4861
2019-09-01,2019,Deluxe Apartments,Hotel segment,145830,104058,71.4,306.78,218.91,12,4861
2019-10-01,2019,Deluxe Apartments,Hotel segment,150691,118858,78.9,302.93,238.94,12,4861
2019-11-01,2019,Deluxe Apartments,Hotel segment,145830,107356,73.6,303.05,223.09,12,4861
2019-12-01,2019,Deluxe Apartments,Hotel segment,150691,113625,75.4,326.51,246.2,12,4861
2020-01-01,2020,Deluxe Apartments,Hotel segment,161665,109770,67.9,305.85,207.67,13,5215
2020-02-01,2020,Deluxe Apartments,Hotel segment,146020,100592,68.9,317.89,218.99,13,5215
2020-03-01,2020,Deluxe Apartments,Hotel segment,161665,104384,64.6,307.51,198.55,13,5215
2020-04-01,2020,Deluxe Apartments,Hotel segment,159810,93049,58.2,312.86,182.16,14,5327
2020-05-01,2020,Deluxe Apartments,Hotel segment,165137,90856,55.0,315.45,173.56,14,5327
2020-06-01,2020,Deluxe Apartments,Hotel segment,159810,85282,53.4,322.52,172.11,14,5327
2020-07-01,2020,Deluxe Apartments,Hotel segment,165137,81788,49.5,331.25,164.06,14,5327
2020-08-01,2020,Deluxe Apartments,Hotel segment,165137,81411,49.3,349.85,172.47,14,5327
2020-09-01,2020,Deluxe Apartments,Hotel segment,159810,73851,46.2,331.44,153.16,14,5327
2020-10-01,2020,Deluxe Apartments,Hotel segment,172577,79632,46.1,327.24,151.0,15,5567
2020-11-01,2020,Deluxe Apartments,Hotel segment,167010,84459,50.6,312.51,158.04,15,5567
2020-12-01,2020,Deluxe Apartments,Hotel segment,172577,84719,49.1,324.85,159.47,15,5567
2021-01-01,2021,Deluxe Apartments,Hotel segment,172577,89346,51.8,307.54,159.22,15,5567
2021-02-01,2021,Deluxe Apartments,Hotel segment,167944,90786,54.1,338.67,183.08,16,5998
2021-03-01,2021,Deluxe Apartments,Hotel segment,185938,116699,62.8,386.08,242.31,16,5998
2021-04-01,2021,Deluxe Apartments,Hotel segment,179940,111842,62.2,363.83,226.14,16,5998
2021-05-01,2021,Deluxe Apartments,Hotel segment,196509,108180,55.1,341.2,187.83,17,6339
2021-06-01,2021,Deluxe Apartments,Hotel segment,190170,115569,60.8,339.95,206.59,17,6339
2021-07-01,2021,Deluxe Apartments,Hotel segment,196509,116062,59.1,361.33,213.41,17,6339
2021-08-01,2021,Deluxe Apartments,Hotel segment,196509,124087,63.1,367.05,231.78,17,6339
2021-09-01,2021,Deluxe Apartments,Hotel segment,190200,119484,62.8,360.4,226.4,17,6340
2021-10-01,2021,Deluxe Apartments,Hotel segment,196540,110410,56.2,376.68,211.61,17,6340
2021-11-01,2021,Deluxe Apartments,Hotel segment,190200,113482,59.7,392.7,234.3,17,6340
2021-12-01,2021,Deluxe Apartments,Hotel segment,196540,116402,59.2,418.55,247.89,17,6340
2022-01-01,2022,Deluxe Apartments,Hotel segment,196540,104703,53.3,372.62,198.51,17,6340
2022-02-01,2022,Deluxe Apartments,Hotel segment,177520,91141,51.3,380.98,195.6,17,6340
2022-03-01,2022,Deluxe Apartments,Hotel segment,196540,101635,51.7,413.33,213.74,17,6340
2022-04-01,2022,Deluxe Apartments,Hotel segment,197040,85540,43.4,359.89,156.24,18,6568
2022-05-01,2022,Deluxe Apartments,Hotel segment,200136,95488,47.7,421.52,201.11,17,6456
2022-06-01,2022,Deluxe Apartments,Hotel segment,193680,93427,48.2,390.12,188.19,17,6456
2022-07-01,2022,Deluxe Apartments,Hotel segment,200136,94489,47.2,401.13,189.38,17,6456
2022-08-01,2022,Deluxe Apartments,Hotel segment,200136,99872,49.9,373.91,186.59,17,6456
2022-09-01,2022,Deluxe Apartments,Hotel segment,193680,106975,55.2,372.42,205.7,17,6456
2022-10-01,2022,Deluxe Apartments,Hotel segment,221216,116683,52.7,392.58,207.07,21,7136
2022-11-01,2022,Deluxe Apartments,Hotel segment,253140,147138,58.1,1552.05,902.13,28,8438
2022-12-01,2022,Deluxe Apartments,Hotel segment,262477,158807,60.5,1655.47,1001.61,29,8467
2023-01-01,2023,Deluxe Apartments,Hotel segment,261702,110950,42.4,388.52,164.71,29,8442
2023-02-01,2023,Deluxe Apartments,Hotel segment,236376,125139,52.9,385.14,203.89,29,8442
2023-03-01,2023,Deluxe Apartments,Hotel segment,261702,151132,57.7,382.4,220.83,29,8442
2023-04-01,2023,Deluxe Apartments,Hotel segment,253260,132534,52.3,370.92,194.11,29,8442
2023-05-01,2023,Deluxe Apartments,Hotel segment,261702,147573,56.4,326.85,184.31,29,8442
2023-06-01,2023,Deluxe Apartments,Hotel segment,253260,148402,58.6,330.8,193.84,29,8442
2023-07-01,2023,Deluxe Apartments,Hotel segment,267282,151550,56.7,330.15,187.2,30,8622
2023-08-01,2023,Deluxe Apartments,Hotel segment,267282,163235,61.1,308.64,188.5,30,8622
2023-09-01,2023,Deluxe Apartments,Hotel segment,258660,159919,61.8,315.51,195.07,30,8622
2023-10-01,2023,Deluxe Apartments,Hotel segment,267282,179779,67.3,338.11,227.42,30,8622
2023-11-01,2023,Deluxe Apartments,Hotel segment,258660,190907,73.8,360.8,266.29,30,8622
2023-12-01,2023,Deluxe Apartments,Hotel segment,267282,200513,75.0,367.89,275.99,30,8622
2024-01-01,2024,Deluxe Apartments,Hotel segment,267282,221744,83.0,448.63,372.19,30,8622
2024-02-01,2024,Deluxe Apartments,Hotel segment,241416,210735,87.3,472.07,412.07,30,8622
2024-03-01,2024,Deluxe Apartments,Hotel segment,267282,182216,68.2,346.13,235.97,30,8622
2024-04-01,2024,Deluxe Apartments,Hotel segment,258660,182451,70.5,380.83,268.62,30,8622
2024-05-01,2024,Deluxe Apartments,Hotel segment,267282,192968,72.2,335.39,242.14,30,8622
2024-06-01,2024,Deluxe Apartments,Hotel segment,258660,177638,68.7,346.37,237.87,30,8622
2024-07-01,2024,Deluxe Apartments,Hotel segment,267282,183300,68.6,333.5,228.71,30,8622
2024-08-01,2024,Deluxe Apartments,Hotel segment,267282,186813,69.9,336.11,234.92,30,8622
2024-09-01,2024,Deluxe Apartments,Hotel segment,258660,186458,72.1,338.13,243.75,30,8622
2024-10-01,2024,Deluxe Apartments,Hotel segment,267282,208310,77.9,341.96,266.51,30,8622
2024-11-01,2024,Deluxe Apartments,Hotel segment,258660,229674,88.8,404.14,358.85,30,8622
2024-12-01,2024,Deluxe Apartments,Hotel segment,267096,227504,85.2,410.21,349.4,30,8616
2025-01-01,2025,Deluxe Apartments,Hotel segment,267096,229834,86.0,410.64,353.35,30,8616
2025-02-01,2025,Deluxe Apartments,Hotel segment,241528,213493,88.4,413.21,365.24,31,8626
2025-03-01,2025,Deluxe Apartments,Hotel segment,267406,193030,72.2,332.16,239.78,31,8626
2014-01-01,2014,Qatar (all accommodation),Whole market,530534,405887,76.5,529.96,405.45,72,17114
2014-02-01,2014,Qatar (all accommodation),Whole market,479192,368458,76.9,523.31,402.38,72,17114
2014-03-01,2014,Qatar (all accommodation),Whole market,530534,421764,79.5,533.41,424.05,72,17114
2014-04-01,2014,Qatar (all accommodation),Whole market,502290,376108,74.9,512.37,383.66,71,16743
2014-05-01,2014,Qatar (all accommodation),Whole market,519033,395317,76.2,506.95,386.11,71,16743
2014-06-01,2014,Qatar (all accommodation),Whole market,502290,381004,75.9,492.91,373.88,71,16743
2014-07-01,2014,Qatar (all accommodation),Whole market,519312,311185,59.9,447.16,267.95,71,16752
2014-08-01,2014,Qatar (all accommodation),Whole market,519312,359398,69.2,487.65,337.49,71,16752
2014-09-01,2014,Qatar (all accommodation),Whole market,502530,387240,77.1,490.55,378.01,71,16751
2014-10-01,2014,Qatar (all accommodation),Whole market,519281,418559,80.6,536.78,432.67,71,16751
2014-11-01,2014,Qatar (all accommodation),Whole market,516180,436226,84.5,527.57,445.85,73,17206
2014-12-01,2014,Qatar (all accommodation),Whole market,538470,417321,77.5,529.27,410.19,74,17370
2015-01-01,2015,Qatar (all accommodation),Whole market,554528,465944,84.0,571.13,479.9,77,17888
2015-02-01,2015,Qatar (all accommodation),Whole market,509740,398021,78.1,562.38,439.13,78,18205
2015-03-01,2015,Qatar (all accommodation),Whole market,564355,456137,80.8,581.72,470.17,78,18205
2015-04-01,2015,Qatar (all accommodation),Whole market,548070,398256,72.7,560.7,407.44,79,18269
2015-05-01,2015,Qatar (all accommodation),Whole market,571299,417343,73.1,539.3,393.97,81,18429
2015-06-01,2015,Qatar (all accommodation),Whole market,555780,347223,62.5,490.98,306.74,82,18526
2015-07-01,2015,Qatar (all accommodation),Whole market,572787,323087,56.4,505.65,285.22,81,18477
2015-08-01,2015,Qatar (all accommodation),Whole market,579483,353325,61.0,496.23,302.56,82,18693
2015-09-01,2015,Qatar (all accommodation),Whole market,566010,389790,68.9,536.51,369.48,83,18867
2015-10-01,2015,Qatar (all accommodation),Whole market,592131,433387,73.2,532.2,389.52,85,19101
2015-11-01,2015,Qatar (all accommodation),Whole market,575610,401355,69.7,519.06,361.93,85,19187
2015-12-01,2015,Qatar (all accommodation),Whole market,604500,396854,65.6,507.5,333.17,86,19500
2016-01-01,2016,Qatar (all accommodation),Whole market,617706,438072,70.9,516.67,366.42,88,19926
2016-02-01,2016,Qatar (all accommodation),Whole market,568148,371276,65.3,506.41,330.93,89,20291
2016-03-01,2016,Qatar (all accommodation),Whole market,628897,457721,72.8,556.37,404.94,89,20287
2016-04-01,2016,Qatar (all accommodation),Whole market,615450,390556,63.5,523.46,332.18,90,20515
2016-05-01,2016,Qatar (all accommodation),Whole market,636089,391631,61.6,501.68,308.88,90,20519
2016-06-01,2016,Qatar (all accommodation),Whole market,607920,289334,47.6,439.01,208.94,88,20264
2016-07-01,2016,Qatar (all accommodation),Whole market,625146,334228,53.5,498.7,266.62,86,20166
2016-08-01,2016,Qatar (all accommodation),Whole market,630416,354766,56.3,452.77,254.8,87,20336
2016-09-01,2016,Qatar (all accommodation),Whole market,612300,364753,59.6,487.79,290.58,88,20410
2016-10-01,2016,Qatar (all accommodation),Whole market,636988,397346,62.4,480.81,299.93,90,20548
2016-11-01,2016,Qatar (all accommodation),Whole market,618540,431695,69.8,479.03,334.33,91,20618
2016-12-01,2016,Qatar (all accommodation),Whole market,665415,417492,62.7,452.19,283.71,94,21465
2017-01-01,2017,Qatar (all accommodation),Whole market,667802,443949,66.5,457.64,304.24,95,21542
2017-02-01,2017,Qatar (all accommodation),Whole market,613816,413014,67.3,462.83,311.42,97,21922
2017-03-01,2017,Qatar (all accommodation),Whole market,683302,464632,68.0,462.58,314.55,97,22042
2017-04-01,2017,Qatar (all accommodation),Whole market,664890,466097,70.1,502.92,352.55,98,22163
2017-05-01,2017,Qatar (all accommodation),Whole market,699329,409826,58.6,448.29,262.71,99,22559
2017-06-01,2017,Qatar (all accommodation),Whole market,688230,297378,43.2,434.78,187.86,101,22941
2017-07-01,2017,Qatar (all accommodation),Whole market,711450,351767,49.4,475.74,235.23,101,22950
2017-08-01,2017,Qatar (all accommodation),Whole market,711450,359227,50.5,447.56,225.98,101,22950
2017-09-01,2017,Qatar (all accommodation),Whole market,703500,374037,53.2,450.52,239.53,103,23450
2017-10-01,2017,Qatar (all accommodation),Whole market,736777,413586,56.1,408.5,229.31,105,23767
2017-11-01,2017,Qatar (all accommodation),Whole market,716160,434521,60.7,404.65,245.52,106,23872
2017-12-01,2017,Qatar (all accommodation),Whole market,740032,426182,57.6,400.48,230.64,106,23872
2018-01-01,2018,Qatar (all accommodation),Whole market,745922,447242,60.0,388.84,233.14,108,24062
2018-02-01,2018,Qatar (all accommodation),Whole market,673820,427241,63.4,394.15,249.91,108,24065
2018-03-01,2018,Qatar (all accommodation),Whole market,757299,505028,66.7,402.01,268.09,109,24429
2018-04-01,2018,Qatar (all accommodation),Whole market,732870,471649,64.4,412.73,265.62,109,24429
2018-05-01,2018,Qatar (all accommodation),Whole market,763344,429634,56.3,373.14,210.01,110,24624
2018-06-01,2018,Qatar (all accommodation),Whole market,743760,398253,53.5,401.46,214.97,111,24792
2018-07-01,2018,Qatar (all accommodation),Whole market,767095,444581,58.0,390.44,226.29,110,24745
2018-08-01,2018,Qatar (all accommodation),Whole market,766785,429722,56.0,395.38,221.58,110,24735
2018-09-01,2018,Qatar (all accommodation),Whole market,752250,442826,58.9,359.93,211.88,113,25075
2018-10-01,2018,Qatar (all accommodation),Whole market,778410,525081,67.5,371.74,250.76,114,25110
2018-11-01,2018,Qatar (all accommodation),Whole market,753300,504892,67.0,361.42,242.24,114,25110
2018-12-01,2018,Qatar (all accommodation),Whole market,783742,516199,65.9,373.32,245.88,115,25282
2019-01-01,2019,Qatar (all accommodation),Whole market,784331,517438,66.0,361.05,238.19,115,25301
2019-02-01,2019,Qatar (all accommodation),Whole market,711760,506048,71.1,373.22,265.35,116,25420
2019-03-01,2019,Qatar (all accommodation),Whole market,807953,583307,72.2,374.07,270.06,119,26063
2019-04-01,2019,Qatar (all accommodation),Whole market,785880,578452,73.6,397.89,292.87,119,26196
2019-05-01,2019,Qatar (all accommodation),Whole market,823143,443398,53.9,338.69,182.44,120,26553
2019-06-01,2019,Qatar (all accommodation),Whole market,799050,471115,59.0,391.19,230.64,120,26635
2019-07-01,2019,Qatar (all accommodation),Whole market,816850,493092,60.4,373.98,225.75,118,26350
2019-08-01,2019,Qatar (all accommodation),Whole market,816850,466625,57.1,378.8,216.39,118,26350
2019-09-01,2019,Qatar (all accommodation),Whole market,778710,535458,68.8,362.97,249.59,117,25957
2019-10-01,2019,Qatar (all accommodation),Whole market,814649,598215,73.4,392.03,287.88,120,26279
2019-11-01,2019,Qatar (all accommodation),Whole market,788370,566437,71.8,368.24,264.57,120,26279
2019-12-01,2019,Qatar (all accommodation),Whole market,820353,613890,74.8,405.03,303.1,121,26463
2020-01-01,2020,Qatar (all accommodation),Whole market,839263,556084,66.3,363.87,241.09,124,27073
2020-02-01,2020,Qatar (all accommodation),Whole market,760956,527595,69.3,374.44,259.61,125,27177
2020-03-01,2020,Qatar (all accommodation),Whole market,850020,472469,55.6,347.81,193.32,126,27420
2020-04-01,2020,Qatar (all accommodation),Whole market,796740,391647,49.2,335.02,164.68,121,26558
2020-05-01,2020,Qatar (all accommodation),Whole market,837248,417420,49.9,333.85,166.44,124,27008
2020-06-01,2020,Qatar (all accommodation),Whole market,814800,402857,49.4,357.98,177.0,125,27160
2020-07-01,2020,Qatar (all accommodation),Whole market,855848,421573,49.3,391.99,193.09,126,27608
2020-08-01,2020,Qatar (all accommodation),Whole market,856003,464984,54.3,423.9,230.27,126,27613
2020-09-01,2020,Qatar (all accommodation),Whole market,827340,473521,57.2,358.44,205.15,126,27578
2020-10-01,2020,Qatar (all accommodation),Whole market,862358,499934,58.0,360.74,209.13,127,27818
2020-11-01,2020,Qatar (all accommodation),Whole market,834540,509279,61.0,328.96,200.75,127,27818
2020-12-01,2020,Qatar (all accommodation),Whole market,862420,542664,62.9,353.11,222.19,127,27820
2021-01-01,2021,Qatar (all accommodation),Whole market,865489,519943,60.1,327.47,196.73,129,27919
2021-02-01,2021,Qatar (all accommodation),Whole market,806204,538621,66.8,347.9,232.43,132,28793
2021-03-01,2021,Qatar (all accommodation),Whole market,887468,635663,71.6,390.04,279.38,131,28628
2021-04-01,2021,Qatar (all accommodation),Whole market,867030,558300,64.4,352.5,226.98,134,28901
2021-05-01,2021,Qatar (all accommodation),Whole market,910873,537423,59.0,364.16,214.86,136,29383
2021-06-01,2021,Qatar (all accommodation),Whole market,881520,588612,66.8,390.11,260.49,136,29384
2021-07-01,2021,Qatar (all accommodation),Whole market,910904,562662,61.8,417.23,257.72,136,29384
2021-08-01,2021,Qatar (all accommodation),Whole market,910904,646465,71.0,389.81,276.65,136,29384
2021-09-01,2021,Qatar (all accommodation),Whole market,877740,641608,73.1,376.04,274.88,135,29258
2021-10-01,2021,Qatar (all accommodation),Whole market,904115,626873,69.3,400.83,277.92,134,29165
2021-11-01,2021,Qatar (all accommodation),Whole market,885090,626023,70.7,419.5,296.71,136,29503
2021-12-01,2021,Qatar (all accommodation),Whole market,911214,631535,69.3,455.71,315.84,134,29394
2022-01-01,2022,Qatar (all accommodation),Whole market,913632,524223,57.4,375.61,215.52,134,29472
2022-02-01,2022,Qatar (all accommodation),Whole market,820596,476949,58.1,388.26,225.67,133,29307
2022-03-01,2022,Qatar (all accommodation),Whole market,917879,601062,65.5,467.89,306.39,137,29609
2022-04-01,2022,Qatar (all accommodation),Whole market,895110,406068,45.4,362.33,164.37,138,29837
2022-05-01,2022,Qatar (all accommodation),Whole market,929101,550676,59.3,472.89,280.28,138,29971
2022-06-01,2022,Qatar (all accommodation),Whole market,899220,539156,60.0,447.38,268.24,138,29974
2022-07-01,2022,Qatar (all accommodation),Whole market,929442,489824,52.7,449.97,237.14,139,29982
2022-08-01,2022,Qatar (all accommodation),Whole market,952599,510874,53.6,396.0,212.37,141,30729
2022-09-01,2022,Qatar (all accommodation),Whole market,922830,516821,56.0,419.54,234.96,140,30761
2022-10-01,2022,Qatar (all accommodation),Whole market,994697,547780,55.1,456.61,251.45,147,32087
2022-11-01,2022,Qatar (all accommodation),Whole market,1124160,628079,55.9,1839.25,1027.6,178,37472
2022-12-01,2022,Qatar (all accommodation),Whole market,1162345,694386,59.7,2103.59,1256.69,179,37495
2023-01-01,2023,Qatar (all accommodation),Whole market,1161911,538416,46.3,423.61,196.29,179,37481
2023-02-01,2023,Qatar (all accommodation),Whole market,1062460,606469,57.1,431.92,246.55,183,37945
2023-03-01,2023,Qatar (all accommodation),Whole market,1176233,685008,58.2,447.74,260.75,183,37943
2023-04-01,2023,Qatar (all accommodation),Whole market,1136400,533198,46.9,443.9,208.28,182,37880
2023-05-01,2023,Qatar (all accommodation),Whole market,1176636,652245,55.4,403.09,223.44,184,37956
2023-06-01,2023,Qatar (all accommodation),Whole market,1149390,624122,54.3,406.19,220.56,186,38313
2023-07-01,2023,Qatar (all accommodation),Whole market,1193655,615696,51.6,395.41,203.96,187,38505
2023-08-01,2023,Qatar (all accommodation),Whole market,1188664,634412,53.4,368.45,196.65,186,38344
2023-09-01,2023,Qatar (all accommodation),Whole market,1152750,661516,57.4,359.88,206.52,187,38425
2023-10-01,2023,Qatar (all accommodation),Whole market,1203699,787389,65.4,414.54,271.17,189,38829
2023-11-01,2023,Qatar (all accommodation),Whole market,1166190,827444,71.0,404.84,287.24,192,38873
2023-12-01,2023,Qatar (all accommodation),Whole market,1205063,868995,72.1,425.52,306.85,192,38873
2024-01-01,2024,Qatar (all accommodation),Whole market,1209279,1015494,84.0,497.83,418.05,193,39009
2024-02-01,2024,Qatar (all accommodation),Whole market,1092252,932574,85.4,531.49,453.79,193,39009
2024-03-01,2024,Qatar (all accommodation),Whole market,1219974,684283,56.1,398.67,223.61,194,39354
2024-04-01,2024,Qatar (all accommodation),Whole market,1186170,740474,62.4,462.31,288.6,195,39539
2024-05-01,2024,Qatar (all accommodation),Whole market,1225089,799439,65.3,404.65,264.06,195,39519
2024-06-01,2024,Qatar (all accommodation),Whole market,1186470,708348,59.7,408.88,244.11,195,39549
2024-07-01,2024,Qatar (all accommodation),Whole market,1226019,718798,58.6,377.64,221.4,195,39549
2024-08-01,2024,Qatar (all accommodation),Whole market,1226019,738621,60.2,377.67,227.53,195,39549
2024-09-01,2024,Qatar (all accommodation),Whole market,1192710,756035,63.4,379.59,240.61,195,39757
2024-10-01,2024,Qatar (all accommodation),Whole market,1240093,865744,69.8,415.22,289.88,197,40003
2024-11-01,2024,Qatar (all accommodation),Whole market,1201800,1001154,83.3,487.22,405.88,197,40060
2024-12-01,2024,Qatar (all accommodation),Whole market,1254291,983506,78.4,488.53,383.06,199,40461
2025-01-01,2025,Qatar (all accommodation),Whole market,1254167,993515,79.2,470.95,373.07,199,40457
2025-02-01,2025,Qatar (all accommodation),Whole market,1143940,944099,82.5,492.47,406.43,202,40855
2025-03-01,2025,Qatar (all accommodation),Whole market,1266505,661287,52.2,368.34,192.32,202,40855
2014-01-01,2014,Standard Apartments,Hotel segment,5146,3982,77.4,269.78,208.76,3,166
2014-02-01,2014,Standard Apartments,Hotel segment,4648,3486,75.0,250.41,187.81,3,166
2014-03-01,2014,Standard Apartments,Hotel segment,5146,4164,80.9,266.87,215.94,3,166
2014-04-01,2014,Standard Apartments,Hotel segment,4980,3650,73.3,267.98,196.41,3,166
2014-05-01,2014,Standard Apartments,Hotel segment,5146,3567,69.3,247.79,171.76,3,166
2014-06-01,2014,Standard Apartments,Hotel segment,4980,3612,72.5,260.52,188.96,3,166
2014-07-01,2014,Standard Apartments,Hotel segment,5146,3689,71.7,250.96,179.9,3,166
2014-08-01,2014,Standard Apartments,Hotel segment,5146,3468,67.4,265.58,178.98,3,166
2014-09-01,2014,Standard Apartments,Hotel segment,4980,3753,75.4,255.34,192.43,3,166
2014-10-01,2014,Standard Apartments,Hotel segment,5146,4119,80.0,274.49,219.71,3,166
2014-11-01,2014,Standard Apartments,Hotel segment,4980,4026,80.8,255.45,206.52,3,166
2014-12-01,2014,Standard Apartments,Hotel segment,5146,3927,76.3,262.22,200.11,3,166
2015-01-01,2015,Standard Apartments,Hotel segment,5146,4303,83.6,278.27,232.68,3,166
2015-02-01,2015,Standard Apartments,Hotel segment,4648,3846,82.7,263.83,218.31,3,166
2015-03-01,2015,Standard Apartments,Hotel segment,5146,4374,85.0,289.99,246.49,3,166
2015-04-01,2015,Standard Apartments,Hotel segment,4980,3638,73.1,269.28,196.72,3,166
2015-05-01,2015,Standard Apartments,Hotel segment,5146,3664,71.2,246.31,175.38,3,166
2015-06-01,2015,Standard Apartments,Hotel segment,4980,3164,63.5,237.65,150.99,3,166
2015-07-01,2015,Standard Apartments,Hotel segment,5146,3200,62.2,244.25,151.89,3,166
2015-08-01,2015,Standard Apartments,Hotel segment,5146,3047,59.2,243.92,144.43,3,166
2015-09-01,2015,Standard Apartments,Hotel segment,4980,3114,62.5,251.43,157.22,3,166
2015-10-01,2015,Standard Apartments,Hotel segment,5146,3414,66.3,246.94,163.83,3,166
2015-11-01,2015,Standard Apartments,Hotel segment,4980,3561,71.5,254.34,181.87,3,166
2015-12-01,2015,Standard Apartments,Hotel segment,5146,3456,67.2,261.34,175.51,3,166
2016-01-01,2016,Standard Apartments,Hotel segment,5146,3608,70.1,267.16,187.31,3,166
2016-02-01,2016,Standard Apartments,Hotel segment,4648,3050,65.6,249.25,163.56,3,166
2016-03-01,2016,Standard Apartments,Hotel segment,5146,3501,68.0,262.01,178.25,3,166
2016-04-01,2016,Standard Apartments,Hotel segment,4980,3296,66.2,243.76,161.33,3,166
2016-05-01,2016,Standard Apartments,Hotel segment,5146,3193,62.0,237.69,147.48,3,166
2016-06-01,2016,Standard Apartments,Hotel segment,4980,2915,58.5,238.59,139.66,3,166
2016-07-01,2016,Standard Apartments,Hotel segment,5146,2759,53.6,235.32,126.17,3,166
2016-08-01,2016,Standard Apartments,Hotel segment,5146,2957,57.5,224.22,128.84,3,166
2016-09-01,2016,Standard Apartments,Hotel segment,4980,2645,53.1,238.06,126.44,3,166
2016-10-01,2016,Standard Apartments,Hotel segment,7967,3220,40.4,233.6,94.41,4,257
2016-11-01,2016,Standard Apartments,Hotel segment,7710,4025,52.2,278.12,145.19,4,257
2016-12-01,2016,Standard Apartments,Hotel segment,26567,4520,17.0,266.67,45.37,5,857
2017-01-01,2017,Standard Apartments,Hotel segment,26567,6442,24.2,340.13,82.47,5,857
2017-02-01,2017,Standard Apartments,Hotel segment,23996,7927,33.0,308.81,102.01,5,857
2017-03-01,2017,Standard Apartments,Hotel segment,26567,10778,40.6,304.05,123.35,5,857
2017-04-01,2017,Standard Apartments,Hotel segment,25710,12942,50.3,326.16,164.18,5,857
2017-05-01,2017,Standard Apartments,Hotel segment,26567,13125,49.4,303.1,149.74,5,857
2017-06-01,2017,Standard Apartments,Hotel segment,25710,12316,47.9,299.24,143.35,5,857
2017-07-01,2017,Standard Apartments,Hotel segment,26567,12928,48.7,298.58,145.3,5,857
2017-08-01,2017,Standard Apartments,Hotel segment,26567,13652,51.4,288.78,148.4,5,857
2017-09-01,2017,Standard Apartments,Hotel segment,25710,15088,58.7,287.11,168.49,5,857
2017-10-01,2017,Standard Apartments,Hotel segment,26567,17084,64.3,281.2,180.83,5,857
2017-11-01,2017,Standard Apartments,Hotel segment,25710,16918,65.8,282.72,186.04,5,857
2017-12-01,2017,Standard Apartments,Hotel segment,26567,17271,65.0,283.6,184.37,5,857
2018-01-01,2018,Standard Apartments,Hotel segment,26567,17180,64.7,277.51,179.46,5,857
2018-02-01,2018,Standard Apartments,Hotel segment,23996,16628,69.3,279.03,193.35,5,857
2018-03-01,2018,Standard Apartments,Hotel segment,26567,19029,71.6,279.85,200.45,5,857
2018-04-01,2018,Standard Apartments,Hotel segment,25710,18998,73.9,273.33,201.97,5,857
2018-05-01,2018,Standard Apartments,Hotel segment,26567,19296,72.6,272.92,198.23,5,857
2018-06-01,2018,Standard Apartments,Hotel segment,25710,17274,67.2,275.05,184.8,5,857
2018-07-01,2018,Standard Apartments,Hotel segment,26567,17295,65.1,270.38,176.02,5,857
2018-08-01,2018,Standard Apartments,Hotel segment,26567,17240,64.9,273.57,177.53,5,857
2018-09-01,2018,Standard Apartments,Hotel segment,25710,17722,68.9,272.15,187.59,5,857
2018-10-01,2018,Standard Apartments,Hotel segment,26567,19368,72.9,268.2,195.52,5,857
2018-11-01,2018,Standard Apartments,Hotel segment,25710,18243,71.0,266.98,189.44,5,857
2018-12-01,2018,Standard Apartments,Hotel segment,26567,17985,67.7,269.29,182.3,5,857
2019-01-01,2019,Standard Apartments,Hotel segment,26908,19024,70.7,264.19,186.78,5,868
2019-02-01,2019,Standard Apartments,Hotel segment,27636,18633,67.4,268.3,180.89,6,987
2019-03-01,2019,Standard Apartments,Hotel segment,30597,21824,71.3,274.27,195.63,6,987
2019-04-01,2019,Standard Apartments,Hotel segment,29610,23208,78.4,268.35,210.33,6,987
2019-05-01,2019,Standard Apartments,Hotel segment,30597,22379,73.1,261.53,191.28,6,987
2019-06-01,2019,Standard Apartments,Hotel segment,29610,20186,68.2,266.3,181.54,6,987
2019-07-01,2019,Standard Apartments,Hotel segment,30597,21014,68.7,265.92,182.63,6,987
2019-08-01,2019,Standard Apartments,Hotel segment,30597,20749,67.8,265.87,180.3,6,987
2019-09-01,2019,Standard Apartments,Hotel segment,29610,22362,75.5,277.73,209.74,6,987
2019-10-01,2019,Standard Apartments,Hotel segment,30597,23063,75.4,277.19,208.94,6,987
2019-11-01,2019,Standard Apartments,Hotel segment,29610,21315,72.0,271.45,195.4,6,987
2019-12-01,2019,Standard Apartments,Hotel segment,30597,22182,72.5,281.33,203.96,6,987
2020-01-01,2020,Standard Apartments,Hotel segment,30597,22162,72.4,267.43,193.7,6,987
2020-02-01,2020,Standard Apartments,Hotel segment,27636,21312,77.1,267.74,206.47,6,987
2020-03-01,2020,Standard Apartments,Hotel segment,30597,21546,70.4,264.18,186.03,6,987
2020-04-01,2020,Standard Apartments,Hotel segment,29610,18883,63.8,252.12,160.78,6,987
2020-05-01,2020,Standard Apartments,Hotel segment,31465,19207,61.0,248.76,151.85,7,1015
2020-06-01,2020,Standard Apartments,Hotel segment,30450,18136,59.6,243.91,145.27,7,1015
2020-07-01,2020,Standard Apartments,Hotel segment,31465,16580,52.7,256.37,135.09,7,1015
2020-08-01,2020,Standard Apartments,Hotel segment,30225,19389,64.1,235.03,150.76,6,975
2020-09-01,2020,Standard Apartments,Hotel segment,29250,19159,65.5,226.33,148.25,6,975
2020-10-01,2020,Standard Apartments,Hotel segment,30225,20194,66.8,223.49,149.32,6,975
2020-11-01,2020,Standard Apartments,Hotel segment,29250,20449,69.9,223.73,156.41,6,975
2020-12-01,2020,Standard Apartments,Hotel segment,30287,21006,69.4,235.26,163.17,6,977
2021-01-01,2021,Standard Apartments,Hotel segment,31527,20056,63.6,222.03,141.24,7,1017
2021-02-01,2021,Standard Apartments,Hotel segment,28476,22265,78.2,224.94,175.88,7,1017
2021-03-01,2021,Standard Apartments,Hotel segment,31527,26039,82.6,226.29,186.9,7,1017
2021-04-01,2021,Standard Apartments,Hotel segment,31560,25059,79.4,226.34,179.71,8,1052
2021-05-01,2021,Standard Apartments,Hotel segment,32612,23653,72.5,226.96,164.61,8,1052
2021-06-01,2021,Standard Apartments,Hotel segment,31560,24586,77.9,227.64,177.34,8,1052
2021-07-01,2021,Standard Apartments,Hotel segment,32612,23780,72.9,230.44,168.03,8,1052
2021-08-01,2021,Standard Apartments,Hotel segment,32612,25150,77.1,233.49,180.06,8,1052
2021-09-01,2021,Standard Apartments,Hotel segment,31560,25744,81.6,236.57,192.97,8,1052
2021-10-01,2021,Standard Apartments,Hotel segment,32612,27970,85.8,236.5,202.83,8,1052
2021-11-01,2021,Standard Apartments,Hotel segment,31560,24879,78.8,257.62,203.08,8,1052
2021-12-01,2021,Standard Apartments,Hotel segment,29884,21953,73.5,288.73,212.1,7,964
2022-01-01,2022,Standard Apartments,Hotel segment,29884,17856,59.8,275.84,164.82,7,964
2022-02-01,2022,Standard Apartments,Hotel segment,26992,15670,58.1,275.31,159.83,7,964
2022-03-01,2022,Standard Apartments,Hotel segment,32612,19759,60.6,274.45,166.29,8,1052
2022-04-01,2022,Standard Apartments,Hotel segment,31560,16538,52.4,258.23,135.32,8,1052
2022-05-01,2022,Standard Apartments,Hotel segment,32612,17781,54.5,262.78,143.28,8,1052
2022-06-01,2022,Standard Apartments,Hotel segment,31560,18377,58.2,255.06,148.52,8,1052
2022-07-01,2022,Standard Apartments,Hotel segment,32612,17629,54.1,266.47,144.05,8,1052
2022-08-01,2022,Standard Apartments,Hotel segment,32612,17936,55.0,257.73,141.74,8,1052
2022-09-01,2022,Standard Apartments,Hotel segment,31560,18525,58.7,266.56,156.47,8,1052
2022-10-01,2022,Standard Apartments,Hotel segment,32612,16300,50.0,271.11,135.51,8,1052
2022-11-01,2022,Standard Apartments,Hotel segment,31560,16064,50.9,1305.95,664.73,8,1052
2022-12-01,2022,Standard Apartments,Hotel segment,32612,16397,50.3,1358.57,683.08,8,1052
2023-01-01,2023,Standard Apartments,Hotel segment,32612,14138,43.4,231.46,100.34,8,1052
2023-02-01,2023,Standard Apartments,Hotel segment,29456,14103,47.9,225.58,108.0,8,1052
2023-03-01,2023,Standard Apartments,Hotel segment,32612,17266,52.9,228.65,121.05,8,1052
2023-04-01,2023,Standard Apartments,Hotel segment,31560,16543,52.4,216.69,113.58,8,1052
2023-05-01,2023,Standard Apartments,Hotel segment,32612,17994,55.2,209.92,115.83,8,1052
2023-06-01,2023,Standard Apartments,Hotel segment,31560,17591,55.7,210.94,117.57,8,1052
2023-07-01,2023,Standard Apartments,Hotel segment,32612,18602,57.0,207.89,118.58,8,1052
2023-08-01,2023,Standard Apartments,Hotel segment,32612,19642,60.2,209.19,126.0,8,1052
2023-09-01,2023,Standard Apartments,Hotel segment,31560,20153,63.9,211.06,134.77,8,1052
2023-10-01,2023,Standard Apartments,Hotel segment,32612,22424,68.8,219.23,150.74,8,1052
2023-11-01,2023,Standard Apartments,Hotel segment,31560,21077,66.8,240.5,160.61,8,1052
2023-12-01,2023,Standard Apartments,Hotel segment,32612,23285,71.4,233.17,166.48,8,1052
2024-01-01,2024,Standard Apartments,Hotel segment,32612,26101,80.0,296.58,237.37,8,1052
2024-02-01,2024,Standard Apartments,Hotel segment,29456,21896,74.3,322.12,239.45,8,1052
2024-03-01,2024,Standard Apartments,Hotel segment,32612,17605,54.0,254.02,137.13,8,1052
2024-04-01,2024,Standard Apartments,Hotel segment,31560,17020,53.9,268.2,144.64,8,1052
2024-05-01,2024,Standard Apartments,Hotel segment,32612,17787,54.5,223.17,121.72,8,1052
2024-06-01,2024,Standard Apartments,Hotel segment,31560,16424,52.0,228.88,119.11,8,1052
2024-07-01,2024,Standard Apartments,Hotel segment,32612,16993,52.1,220.45,114.87,8,1052
2024-08-01,2024,Standard Apartments,Hotel segment,32612,16862,51.7,216.42,111.9,8,1052
2024-09-01,2024,Standard Apartments,Hotel segment,31560,18291,58.0,217.94,126.31,8,1052
2024-10-01,2024,Standard Apartments,Hotel segment,32612,21571,66.1,227.41,150.42,8,1052
2024-11-01,2024,Standard Apartments,Hotel segment,31560,25592,81.1,275.92,223.74,8,1052
2024-12-01,2024,Standard Apartments,Hotel segment,32612,25360,77.8,259.28,201.62,8,1052
2025-01-01,2025,Standard Apartments,Hotel segment,32612,25215,77.3,266.79,206.28,8,1052
2025-02-01,2025,Standard Apartments,Hotel segment,29456,23736,80.6,267.93,215.9,8,1052
2025-03-01,2025,Standard Apartments,Hotel segment,32612,22300,68.4,214.45,146.64,8,1052
